id,Type,Topic,Year,Title,Authors,URL,pdf,Venue,Details
301,JO,1,2017,Revisiting the Performance of Automated Approaches for the Retrieval of Duplicate Reports in Issue Tracking Systems that Perform Just-in-Time Duplicate Retrieval,233 235 105,,EMSE2017_RevisitingThePerformanceOfAutomatedApproachesForTheRetrievalOfDuplicateReportsInssueTrackingSystemsThatPerformJust-in-TimeDuplicateRetrieval.pdf,1,"Accepted in Empirical Software Engineering, 2017."
300,JO,1,2017,Understanding the Factors for Fast Answers in Technical Q&A Websites An Empirical Study on Four Stack Exchange Websites ,254 120 105,,EMSE2017_UnderstandingTheFactorsForFastAnswersInQ&AWebsites.pdf,1,"Accepted in Empirical Software Engineering, 2017."
299,TH,1,2017,Revisiting the experimental design choices for approaches for the automated retrieval of duplicate issue reports,233 226,http://sail.cs.queensu.ca/Downloads/Mohamed_Sami_Rakha_PhD_Defense.pdf,Mohamed_Rakha_PhDThesis.pdf,48,"PhD Thesis, Graduate School of Information Science,Nara Institute of Science and Technology, Japan, 2017."
298,JO,1,2017,Revisiting the Performance Evaluation of Automated Approaches for the Retrieval of Duplicate Issue Reports,233 235 105,,TSE2017_RevisitingThePerformanceEvaluationOfAutomatedApproachesForTheRetrievalOfDuplicateIssueReports.pdf,4,"Accepted in IEEE Transactions of Software Engineering, 2017."
297,JO,1,2017,Analyzing a Decade of Linux System Calls,259 260 235 105 261 262,,EMSE2017_AnalyzingADecadeOfLinuxSystemCalls.pdf,1,"Accepted in Empirical Software Engineering, 2017."
296,JO,1,2017,Studying the Dialogue Between Users and Developers of Free Apps in the Google Play Store ,244 199 235 105,,EMSE2017_StudyingTheDialogueBetweenUsersAndDevelopers.pdf,1,"Accepted in Empirical Software Engineering, 2017."
295,JO,1,2017,An Empirical Study of Early Access Games on the Steam Platform,250 235 105,,EMSE2017_AnEmpiricalStudyOfEarlyAccessGamesOnTheSteamPlatform.pdf,1,"Accepted in Empirical Software Engineering, 2017."
294,TH,1,2017,Applying Statistical Process Control to Automate the Analysis of Performance Load Tests,168 226,,Dissertation2017_Nguyen_Thanh_PhDThesis.pdf,48,"PhD Thesis, School of Computing, Queen's University, Ontario, Canada, 2016."
293,TH,1,2017,Towards a Better Understanding of the Impact of Experimental Components on Defect Prediction Models,199 226,,Dissertation2017_Tantithamthavorn_Chakkrit_PhD_Thesis.pdf,48,"PhD Thesis, Graduate School of Information Science,Nara Institute of Science and Technology, Japan, 2017."
292,TH,1,2017,Automated Approaches for Reducing the Execution Time of Performance Tests,246 226,,Dissertation2017_HammamAlghamdiMScThesis.pdf,49,"Master's Thesis, School of Computing, Queen's University, Ontario, Canada, 2016."
291,TH,1,2017,Studying Reviewer Selection and Involvement in Modern Code Review Processes,201 226,,Dissertation2017_Patanamon_Thongtanunam.pdf,48,"PhD Thesis, Graduate School of Information Science,Nara Institute of Science and Technology, Japan, 2017."
290,JO,1,2017,An Empirical Study of the Integration Time of Fixed Issues,206 167 207 105 192,,EMSE2017_AnEmpiricalStudyOfTheIntegrationTimeOfFixedIssues.pdf,1,"Accepted in Empirical Software Engineering, 2017."
289,JO,1,2017,What do developers search for on the web?,256 204 205 257 105 258,,EMSE2017_WhatDoDevelopersSearchForOnTheWeb.pdf,1,"Accepted in Empirical Software Engineering, 2017."
288,JO,1,2017,Examining the Stability of Logging Statements,237 235 113 182 105,,EMSE2017_ExaminingTheStabilityOfLoggingStatements.pdf,1,"Accepted in Empirical Software Engineering, 2017."
287,CO,1,2017,The Impact of Using Regression Models to Build Defect Classifiers,255 254 147 105,,MSR2017_TheImpactOfUsingRegressionModelsToBuildDefectClassifiers.pdf,15,"In Proceedings of the 14th International Conference on Mining Software Repositories (MSR 2017),  Buenos Aires, Argentina, May 2017."
286,CO,1,2017,A Large-Scale Study of the Impact of Feature Selection Techniques on Defect Classification Models,200 167 105,,MSR2017_ALarge-ScaleStudyOfTheImpactOfFeatureSelectionTechniquesOnDefectClassificationModels.pdf,15,"In Proceedings of the 14th International Conference on Mining Software Repositories (MSR 2017),  Buenos Aires, Argentina, May 2017."
285,JO,1,2017,An Empirical Study of Unspecified Dependencies in Make-Based Build Systems,235 167 101 131 105,,EMSE2017_AnEmpiricalStudyOfUnspecifiedDependenciesInMake-BasedBuildSystems.pdf,1,"Accepted in Empirical Software Engineering, 2017."
284,JO,1,2017,A study of the relation of mobile device attributes with the user-perceived quality of Android apps,252 182 115 105 253,,EMSE2017_AStudyOfTheRelationOfMobileDeviceAttributesWithTheUser-perceivedQualityOfAndroidApps.pdf,1,"Accepted in Empirical Software Engineering, 2017."
283,CO,1,2017,An Exploratory Study of the State of Practice of Performance Testing in Java-Based Open Source Projects,251 235,,icpe2017_AnExploratoryStudyOfTheStateOfPracticeOfPerformance.pdf,17,In Proceeding of the 8th ACM/SPEC International Conference on Performance Engineering (ICPE 2017)
282,JO,1,2016,Studying the Urgent Updates of Popular Games on the Steam Platform,250 235 105,,EMSE2016_StudyingTheUrgentUpdatesOfPopularGamesOnTheSteamPlatform.pdf,1,"Accepted in Empirical Software Engineering, 2016."
281,CO,1,2016,Does geographical distance effect distributed development teams: How aggregation bias in software artifacts causes contradictory findings,168 101 105,,ISSRE2016_DoesGeographicalDistanceEffectDistributedDevelopmentTeamsHowAggregationBiasInSoftwareArtifactsCausesContradictoryFindings.pdf,32,"In Proceedings of the 27st Annual International Symposium on Software Reliability Engineering (ISSRE 2016), Ottawa, ON, Canada, 2016"
280,JO,1,2016,Looking at Execution Logs beyond Execution Events Enriching Execution Events to Compare the Behaviour of Large-Scale Software Systems against their Historical Behaviour,182 226,,Mark_201610_PHD.pdf,48,"PhD Thesis, School of Computing, Queen's University, Ontario, Canada, 2016."
279,JO,1,2016,A Framework for Evaluating the Results of the SZZ Approach for Identifying Bug-Introducing Changes,206 167 113 207 249 105,,TSE2016_AFrameworkForEvaluatingTheResultsOfTheSZZApproachForIdentifyingBug-IntroducingChangesl.pdf,4,"Accepted in IEEE Transactions of Software Engineering, 2016."
278,CO,1,2016,CacheOptimizer: Helping Developers Configure Caching Frameworks for Hibernate-Based Database-Centric Web,120 113 105 169 129,,FSE2016_CacheOptimizerHelpingDevelopersConfigureCaching.pdf,18,In Proceedings of the 24nd ACM SIGSOFT International Symposium on the Foundations of Software Engineering (FSE 2016).
277,JO,1,2016,What Do Programmers Know about Software Energy Consumption,248 219 101 105,,IEEESoftware2016_WhatDoProgrammersKnowAboutSoftwareEnergyConsumption.pdf,3,Accepted in IEEE Software 2016
276,JO,1,2016,Towards Just-in-time Suggestions for Log Changes,247 113 115  105,,EMSE2016_TowardsJust-in-timeSuggestionsForLogChanges.pdf,1,"Accepted in Empirical Software Engineering, 2016."
275,JO,1,2016,Which log level should developers choose for a new logging statement?,247 113 105,,EMSE2016_WhichLogLevelShouldDevelopersChooseForANewLoggingStatement.pdf,1,"Accepted in Empirical Software Engineering, 2016."
274,TH,1,2016,Improving the Performance of Database-Centric Applications through Program Analysis ,120 226,,Chen_Tse-Hsun_201609_PHD.pdf,48,"PhD Thesis, School of Computing, Queen's University, Ontario, Canada, 2016."
273,JO,1,2016,"Review Participation in Modern Code Review
An Empirical Study of the Android, Qt, and OpenStack Projects
",201 167 105 202,,EMSE2016_ReviewParticipationInModernCodeReviewAnEmpiricalStudyOfTheAndroidQtAndOpenStackProjects.pdf,1,"Accepted in Empirical Software Engineering, 2016."
272,JO,1,2016,Identifying and understanding header file hotspots in C/C++ build processes,167 101 112 105,,ASE2016_IdentifyingAndUnderstandingHeaderFileHotspotsInCC++BuildProcesses.pdf,59,"Accepted in Automated Software Engineering,2016."
271,CO,1,2016,An Automated Approach for Recommending When to Stop Performance Tests,246 182 113 105,http://www.slideshare.net/SAIL_QU/an-automated-approach-for-recommending-when-to-stop-performance-tests,ICSME2016_AnAutomatedApproachForRecommendingWhenToStopPerformanceTests.pdf,13,In Proceedings of the 32th IEEE International Conference on Software Maintenance and Evolution (ICSME 2016).
270,JO,1,2016,An Examination of the Current Rating System used in Mobile App Stores,175 112 101 193 194 105,,IEEESoftware2016_AnExaminationOfTheCurrentRatingSystemUsedInMobile.pdf,3,"Accepted in IEEE Software,2016."
269,JO,1,2016,An empirical study of integration activities in distributions of open source software,101 245 105 131,,EMSE2016_AnEmpiricalStudyOfIntegrationActivitiesInDistributionsOfOpenSourceSoftware.pdf,1,"Accepted in Empirical Software Engineering, 2016."
268,JO,1,2015,On the unreliability of bug severity data,227 190 205 105,,EMSE2015_OnTheUnreliabilityOfBugSeverityData.pdf,1,"Accepted in Empirical Software Engineering, 2015."
267,TH,1,2015,Studying the Software Development Overhead of Build Systems,167 226,,McIntosh_Shane_201508_PhD.pdf,48,"PhD Thesis, School of Computing, Queen's University, Ontario, Canada, 2016."
266,JO,1,2016,An Empirical Comparison of Model Validation Techniques for Defect Prediction Models,199 167 105 150,,TSE2016_AnEmpiricalComparisonofModelValidationTechniquesforDefectPredictionModels.pdf,4,"Accepted in IEEE Transactions of Software Engineering, 2016."
265,JO,1,2016,An Empirical Study of Emergency Updates for Top Android Mobile Apps,244 113 105,,EMSE2016_AnEmpiricalStudyofEmergencyUpdatesforTopAndroidMobileApps.pdf,1,"Accepted in Empirical Software Engineering, 2016."
264,CO,1,2016,Thresholds for Size and Complexity Metrics: A Case Study from the Perspective of Defect Density,228 243 112 147 140 105 195,,QRS_2016_ ThresholdsForSizeAndComplexityMetrics_ACaseStudyFromThePerpectiveOfDefectDensity.pdf,58,"In Proceedings of International Conference on Software Quality, Reliability and Security (QRS2016), (To appear). (Vienna, Austria)."
263,CO,1,2016,The Impact of Task Granularity on Co-evolution Analyses,242 167 147 105 195,,ESEM_TheImpactofTaskGranularityonCo-evolutionAnalyses.pdf,34,"Proceedings of the 10th International Symposium on Empirical Software Engineering and Measurement (ESEM'16), 2016, Ciudal, Spain."
262,JO,1,2016,Topic-based Software Defect Explanation,120 113 112 105 109,,jss2016_Topic-based_Software_Defect_Explanation.pdf,2,"Journal of System and Software. In Press, 2016."
261,JO,1,2016,Finding and Evaluating the Performance Impact of Redundant Data Access for Applications that are Developed Using Object-Relational Mapping Frameworks ,120 113 106 105 169 129,,TSE2016_redundant_data.pdf,3,"Accepted in IEEE Transactions of Software Engineering, 2016."
260,TH,1,2016,An Exploration of Challenges Associated with Software Logging in Large Systems,237 226,,Thesis_suhas.pdf,49,"Master's Thesis, School of Computing, Queen's University, Ontario, Canada, 2016."
259,CO,1,2016,Cross-project Defect Prediction Using A Connectivity-based Unsupervised Classifier,215 241 115 105,,icse2016_Cross-projectDefectPredictionUsingAConnectivity-basedUnsupervisedClassifier.pdf,14,Proceedings of The International Conference on Software Engineering (ICSE 2016)
258,CO,1,2016,What Concerns Do Client Developers Have When Using Web APIs? An Empirical Study of Developer Forums and Stack Overflow,238 239 215 115 105,,icws2016_WhatConcernsDoClientDevelopersHaveWhenUsingWebAPIs_AnEmpiricalStudyofDeveloperForumsandStackOverflow.pdf,28,"Proceedings of the 23rd IEEE International Conference on Web Services (ICWS'16), 2016, San Francisco, CA, United States"
257,JO,1,2014,An Empirical Study of the Effect of File Editing Patterns on Software Quality,215 122 115 105,,2016_AnEmpiricalStudyoftheEffectofFileEditingPatternsonSoftwareQuality.pdf,7,"Journal of Software: Evolution and Process. In press, 2014."
256,CO,1,2016,How Are Discussions Associated with Bug Reworking? An Empirical Study on Open Source Projects,240 215 116 115 105,,ESEM2016_bugRework.pdf,34,"Proceedings of the 10th International Symposium on Empirical Software Engineering and Measurement (ESEM'16), 2016, Ciudal, Spain."
255,JO,1,2016,"Comments on ""Researcher Bias: The Use of Machine Learning in Software Defect Prediction""",199 167 105 150,,2016_CommentsOnResearcherBias_TheUseOfMachineLearningInSoftwareDefectPrediction.pdf,4,"Accepted in IEEE Transactions of Software Engineering, 2016."
254,CO,1,2016,Examining the stability of logging statements,237 235 113 105,,2016_ExaminingTheStabilityOfLoggingStatements.pdf,16,"In Proceedings of the 23nd International Conference on Software Analysis, Evolution, and Reengineering (SANER 2016),Osaka, Japan,2016."
253,CO,1,2016,Studying the Impact of Switching to a Rapid Release Cycle on Integration Delay of Addressed Issues - An Empirical Study of the Mozilla Firefox Project,206 167 207 105,,2016_StudyingTheImpactOfSwitchingToARapidReleaseCycleOnIntegrationDelayOfAddressedIssues-AnEmpiricalStudyOfTheMozillaFirefoxProject.pdf,15,"In Proceedings of the 13th Working Conference on Mining Software Repositories (MSR 2016),  Austin, TX, May 2016."
252,CO,1,2016,Logging Library Migrations: A Case Study for the Apache Software Foundation Projects,237 235 113 105,,2016_LoggingLibraryMigrationsACaseStudyForTheApacheSoftwareFoundationProjects.pdf,15,"In Proceedings of the 13th Working Conference on Mining Software Repositories (MSR 2016),  Austin, TX, May 2016."
251,CO,1,2016,Studying the Effectiveness of Application Performance Management (APM) Tools for Detecting Performance Regressions for Web Applications: An Experience Report,203 235 120 105 113,,2016_StudyingTheEffectivenessOfApplicationPerformanceManagementToolsForDetectingPerformanceRegressionsForWebApplications_AnExperienceReport.pdf,15,"In Proceedings of the 13th Working Conference on Mining Software Repositories (MSR 2016),  Austin, TX, May 2016."
250,CO,1,2016,An Empirical Study on the Practice of Maintaining Object-Relational Mapping Code in Java Systems,120 113 236 105 139 169 129,,2016_AnEmpiricalStudyOnThePracticeOfMaintainingObject-RelationalMappingCodeInJavaSystems.pdf,15,"In Proceedings of the 13th Working Conference on Mining Software Repositories (MSR 2016),  Austin, TX, May 2016."
249,CO,1,2016,Raising MSR Researchers: An Experience Report on Teaching a Graduate Seminar Course in Mining Software Repositories (MSR),105 226,,MSR2016_RaisingMSRResearchersAnExperienceReportonTeachingAGraduateSeminarCourseInMiningSoftwareRepositories(MSR).pdf,15,"In Proceedings of the 13th Working Conference on Mining Software Repositories (MSR 2016),  Austin, TX, May 2016."
246,CO,1,2016,Optimizing the Performance-Related Configurations of Object-Relational Mapping Frameworks Using a Multi-Objective Genetic Algorithm,234 235 113 105,,2016IPCE_OptimizingThePerformance-RelatedConfigurationsOfObject-RelationalMappingFrameworksUsingAMulti-ObjectiveGeneticAlgorithm.pdf,17,In Proceeding of the 7th ACM/SPEC International Conference on Performance Engineering (ICPE 2016)
245,CO,1,2016,Automated Parameter Optimization of Classification Techniques for Defect Prediction Models,199 167 105 150,,2016icse_AutomatedParametersOptimizationOfClassificationTechniquesForDefectPredictionModels.pdf,14,Proceedings of The International Conference on Software Engineering (ICSE 2016)
244,CO,1,2016,Detecting Problems in the Database Access Code of Large Scale Systems - An Industrial Experience Report,120 113 105 169 129,,seip_2016_DetectingProblemsintheDatabaseAccessCodeofLargeScaleSystems-AnIndustrialExperienceReport.pdf,14,In Proceedings of the Software Engineering In Practice (SEIP) track of the 38th International Conference on Software Engineering (ICSE 2016)
234,JO,1,2016,Continuously mining distributed version control systems: an empirical study of how Linux uses Git,131 101 105,,2016_ContinuouslyMiningDistributedVersionControlSystems_AnEmpiricalStudyOfHowLinuxUsesGit.pdf,1,"Accepted in Empirical Software Engineering, 2016."
233,CO,2,2016,Revisiting Code Ownership and its Relationship with Software Quality in the Scope of Modern Code Review,201 167 105 202,,ICSE2016_RevisitingCodeOwnershipAndItsRelationshipWithSoftwareQualityInTheScopeOfModernCode Review.pdf,14,Proceedings of The International Conference on Software Engineering (ICSE 2016)
248,JO,1,2015,Is It Worth Responding to Reviews? A Case Study of the Top Free Apps in the Google Play Store,189 113 105,,2015_IsItWorthRespondingtoReviews_ACaseStudyoftheTopFreeAppsintheGooglePlayStore.pdf,3,"IEEE Software. In press, 2015."
247,JO,1,2015,Fresh apps: an empirical study of frequently-updated mobile apps in the Google play store,189 190 105,,EMSE2015_FreshApps_AnEmpiricalStudyofFrequently-updated.pdf,1,"Accepted in Empirical Software Engineering, 2015."
243,JO,1,2015,A Survey on the Use of Topic Models when Mining Software Repositories,120 109 105,,2015_A SurveyontheUseofTopicModelswhenMiningSoftwareRepositories.pdf,1,"Accepted in Empirical Software Engineering, 2015."
242,JO,1,2015,Studying the Needed Effort for Identifying Duplicate Issues,233 113 105,,EMSE2015_StudyingtheNeededEffortforIdentifyingDuplicateIssues.pdf,1,"Accepted in Empirical Software Engineering, 2015."
241,CO,1,2015,A Study of the Quality-Impacting Practices of Modern Code Review at Sony Mobile,232 147 167 105 195,,ICSESEIP2016_AStudyoftheQuality-ImpactingPracticesofModernCodeReviewatSonyMobile.pdf,14,In Proceedings of the Software Engineering In Practice (SEIP) track of the 38th International Conference on Software Engineering (ICSE 2016)
240,JO,1,2015,Studying just-in-time defect prediction using cross-project models,147 231 167 228 195 105,,StudyingJustInTimeDefectPredictionUsingCross-projectModels.pdf,1,"Accepted in Empirical Software Engineering, 2015."
239,CO,1,2015,An empirical study of goto in C code from GitHub repositories,112 229 147 230 167 140 105,,FSE2015_An-empirical-study-of-goto-in-C-code-from-GitHub-repositories.pdf,18,In Proceedings of the 23nd ACM SIGSOFT International Symposium on the Foundations of Software Engineering (FSE 2015).
238,CO,1,2015,A Dataset of the Activity of the Git Super-repository of Linux in 2012,131 101 105,,msr-A-Dataset-of-the-Activity-of-the-Git-Super-repository-of-Linux in 2012.pdf,15,In Proceedings of the 12th Working Conference on Mining Software Repositories 
237,CO,1,2015,Revisiting the applicability of the pareto principle to core development teams in open source software projects,228 167 147 105 195,,IWPSE2015_RevisitingTheApplicabilityOfTheParetoPrincipleToCoreDevelopmentTeamsInOpenSourceSoftwareProjects.pdf,46,Proceedings of IWPSE 2015: International Workshop on Principles of Software 
236,CO,1,2015,What are the characteristics of high-rated apps? A case study on free Android Applications,227 112 205 105,,ICSME2015_What-Are-the-Characteristics-of-High-Rated-Apps-A-Case-Study-on-Free-Android-Applications.pdf,13,In Proceedings of the 31th IEEE International Conference on Software Maintenance and Evolution (ICSME 2015).
235,JO,1,2015,A Survey on Load Testing of Large-Scale Software Systems,106 105,,tse2015_ASurveyOnLoadTestingOfLarge-scaleSoftwareSystems.pdf,4,"Accepted in IEEE Transactions of Software Engineering, 2015."
1,JO,1,2015,An Empirical Study of the Impact of Modern Code Review Practices on Software Quality,167 147 101 105,,EMSE_AnEmpiricalStudyOfTheImpactOfModernCodeReviewPracticesOnSoftwareQuality.pdf,1,"Accepted in Empirical Software Engineering, 2015."
2,JO,1,2015,Analyzing and Automatically Labelling The Types of User Issues that are Raised in Mobile App Reviews,189 190 191 105,,EMSE_AnalyzingAndAutomaticallyLabellingTheTypesOfUserIssuesThatAreRaisedInMobileAppReviews.pdf,1,"Accepted in Empirical Software Engineering, 2015."
3,JO,1,2015,An Empirical Study of Software Release Notes,192 190 105,,EMSE_AnEmpiricalStudyOfSoftwareReleaseNotes.pdf,1,"Accepted in Empirical Software Engineering, 2015."
44,CO,1,2015,The Impact of Mislabelling on the Performance and Interpretation of Defect Prediction Models,199 167 105 179 150,http://www.slideshare.net/SAIL_QU/presentation-50829741,ICSE2015_TheImpactOfMislabellingOnThePerformanceAndInterpretationOfDefectPredictionModels.pdf,14,"In Proceedings of the 37th International Conference on Software Engineering (ICSE 2015), Florence, Italy, May 2015."
45,CO,1,2015,Revisiting the Impact of Classification Techniques on the Performance of Defect Prediction Models,200 167 105,http://www.slideshare.net/SAIL_QU/ghotra-icse,ICSE2015_RevisitingTheImpactOfClassificationTechniquesOnThePerformanceOfDefectPredictionModels.pdf,14,"In Proceedings of the 37th International Conference on Software Engineering (ICSE 2015), Florence, Italy, May 2015."
46,CO,1,2015,An Industrial Case Study on the Automated Detection of Performance Regressions in Heterogeneous Environments,128 106 101 105 115 129,,ICSE2015_AnIndustrialCaseStudyOnTheAutomatedDetectionOfPerformanceRegressionsInHeterogeneousEnvironments.pdf,14,"In Proceedings of the 37th International Conference on Software Engineering (ICSE 2015), Software Engineering in Practice (SEIP Track). Florence, Italy. May, 2015."
47,CO,1,2015,Investigating Code Review Practices in Defective Files: An Empirical Study of the Qt System,201 167 105 202,http://www.slideshare.net/SAIL_QU/presentationpick-150517080804lva1app6892,MSR2015_InvestigatingCodeReviewPracticesInDefectiveFiles_AnEmpiricalStudyOfTheQtSystem.pdf,15,"In Proceedings of the 12th Working Conference on Mining Software Repositories (MSR 2015), Florence, Italy, May 2015."
48,CO,2,2015,An Empirical Study of the Copy and Paste Behavior during Development,203 113 105,http://www.slideshare.net/SAIL_QU/msr-presentation-final,MSR2015_AnEmpiricalStudyOfTheCopyAndPasteBehaviorDuringDevelopment.pdf,15,"In Proceedings of the 12th Working Conference on Mining Software Repositories (MSR 2015), Florence, Italy, May 2015."
49,CO,2,2015,Cross-Project Build Co-change Prediction,204 205 167 116 105,,SANER2015_Cross-ProjectBuildCo-changePrediction.pdf,16,"In Proceedings of the 22nd International Conference on Software Analysis, Evolution, and Reengineering (SANER 2015), Montreal, Canada, March 2015."
50,CO,2,2015,Automated Detection of Performance Regressions Using Regression Models on Clustered Performance Counters,113 105 169 129,http://www.slideshare.net/SAIL_QU/icpe2015-weiyi-shang-1,ICPE2015_AutomatedDetectionofPerformanceRegressionsUsingRegressionModelsOnClusteredPerformanceCounters.pdf,17,"In Proceeding of the 6th ACM/SPEC International Conference on Performance Engineering (ICPE 2015). , Austin, Texas, USA, February 2015."
231,CO,2,2015,Improving the Quality of Large-Scale Database-Centric Software Systems by Analyzing Database Access Code,120 226,http://www.slideshare.net/SAIL_QU/improving-the-quality-of-large-scale-databasecentric-software-systems-by-analyzing-database-access-code,ICDE2015_ImprovingTheQualityOfLarge-ScaleDatabase-CentricSoftwareSystemsByAnalyzingDatabaseAccessCode.pdf,57,"International Conference on Data Engineering (ICDE) 2015, PhD Symposium"
232,JO,2,2015,Identifying and Understanding Header File Hotspots in C/C++ Build Processes,167 101 112 105,,"ASE_IdentifyingAndUnderstandingHeaderFileHotspotsInC,C++BuildProcesses.pdf",33,"Accepted in Automated Software Engineering, 2015"
4,JO,1,2014,Investigating the Effect of Defect Co-fix on Quality Assurance Resource Allocation: A Search-based Approach,165 112 105,,JSS_InvestigatingTheEffectOf___DefectCo-fix___OnQualityAssuranceResourceAllocation_ASearch-basedApproach.pdf,2,"Journal of System and Software. In Press, 2014."
5,JO,1,2014,"Examining the Relationship between FindBugs Warnings and End User Ratings: A Case Study On 10,000 Android Apps",191 112 105,,"IEEESoftware_ExaminingTheRelationshipBetweenFindBugsWarningsAndEndUserRatings_ACaseStudyOn10,000AndroidApps.pdf",3,"IEEE Software. In press, 2014."
6,JO,1,2014,Replicating and Re-evaluating the Theory of Relative Defect-Proneness,182 112 101 105,,TSE_ReplicatingAndRe-evaluatingTheTheoryOfRelativeDefect-Proneness.pdf,4,"Accepted in IEEE Transactions of Software Engineering, 2014."
7,JO,1,2014,A Large-Scale Empirical Study of the Relationship between Build Technology and Build Maintenance,167 112 101 140 105,,EMSE_ALarge-ScaleEmpiricalStudyOfTheRelationshipBetweenBuildTechnologyAndBuildMaintenance.pdf,1,"Accepted in Empirical Software Engineering, 2014."
8,JO,1,2014,On Ad Library Updates in Android Apps,175 112 101 193 194 105,,IEEESoftware_OnAdLibraryUpdatesInAndroidApps.pdf,3,"Accepted in IEEE Software, 2014."
9,JO,1,2014,On the Relationship between the Number of Ad Libraries in an Android App and its Rating,175 112 101 193 194 105,,IEEESoftware_OnTheRelationshipBetweenTheNumberOfAdLibrariesInAnAndroidAppAndItsRating.pdf,3,"Accepted in IEEE Software, 2014."
10,JO,1,2014,Studying the Relationship Between Source Code Quality and Mobile Platform Dependence,182 112 101 105,,SQJ_StudyingTheRelationshipBetweenSourceCodeQualityAndMobilePlatformDependence.pdf,5,"Accepted in Software Quality Journal, 2014."
11,JO,1,2014,What Do Mobile App Users Complain About? A Study on Free iOS Apps,191 116 112 105,,IEEESoftware_WhatDoMobileAppUsersComplainAbout_AStudyOnFreeIOSApps.pdf,3,"Accepted in IEEE Software, 2014."
51,CO,2,2014,Prioritizing The Devices To Test Your App On: A Case Study Of Android Game Apps,191 112 116 105,,FSE2014_PrioritizingTheDevicesToTestYourAppOn_ACaseStudyOfAndroidGameApps.pdf,18,"In Proceedings of the 22nd ACM SIGSOFT International Symposium on the Foundations of Software Engineering (FSE 2014), Hong Kong, China, Nov 2014."
52,CO,2,2014,Understanding Log Lines Using Development Knowledge,113 112 105 106,https://www.slideshare.net/slideshow/embed_code/key/CkFAlARSHCE0zY,ICSM-ICSME2014_UnderstandingLogLinesUsingDevelopmentKnowledge.pdf,13,"In Proceedings of the 30th IEEE International Conference on Software Maintenance and Evolution (ICSME 2014). October 2014. Victoria, Canada."
53,CO,2,2014,Mining Co-Change Information to Understand when Build Changes are Necessary,167 101 112 105,,ICSM-ICSME2014_MiningCo-ChangeInformationToUnderstandWhenBuildChangesAreNecessary.pdf,13,"In Proceedings of the 30th IEEE International Conference on Software Maintenance and Evolution (ICSME 2014). October 2014. Victoria, Canada."
54,CO,2,2014,An Empirical Study of Delays in the Integration of Addressed Issues,206 192 167 207 105,http://www.slideshare.net/SAIL_QU/icsme14danieletal-150722141344lva1app6891,ICSM-ICSME2014_AnEmpiricalStudyOfDelaysInTheIntegrationOfAddressedIssues.pdf,13,"In Proceedings of the 30th IEEE International Conference on Software Maintenance and Evolution (ICSME 2014). October 2014. Victoria, Canada."
55,CO,2,2014,Detecting Performance Anti-patterns for Applications Developed Using Object-Relational Mapping,120 113 106 105 169 129,http://www.slideshare.net/SAIL_QU/icse2014-v3,ICSE2014_DetectingPerformanceAnti-patternsForApplicationsDevelopedUsingObject-RelationalMapping.pdf,14,"In Proceedings of the 36th International Conference on Software Engineering (ICSE 2014), Hyderabad, India, May 2014."
56,CO,2,2014,Collecting and Leveraging a Benchmark of Build System Clones to Aid in Quality Assessments,167 208 209 140 101 105 210 211,,ICSE2014_CollectingAndLeveragingABenchmarkOfBuildSystemClonesToAidInQualityAssessments.pdf,14,"In Proceedings of the Software Engineering In Practice (SEIP) track of the 36th International Conference on Software Engineering (ICSE 2014), Hyderabad, India,"
57,CO,2,2014,"The Impact of Code Review Coverage and Code Review Participation on Software Quality: A Case Study of the Qt, VTK, and ITK Projects",167 147 101 105,,"MSR2014_TheImpactOfCodeReviewCoverageAndCodeReviewParticipationOnSoftwareQuality_ACaseStudyOfTheQt,VTK,AndITKProjects.pdf",15,"In Proceedings of the 11th Working Conference on Mining Software Repositories (MSR 2014), Hyderabad, India, May 31-June 1, 2014."
58,CO,2,2014,An Empirical Study of Dormant Bugs,120 112 116 105,http://www.slideshare.net/SAIL_QU/dormant-bug-v2-50829401,MSR2014_AnEmpiricalStudyOfDormantBugs.pdf,15,"In Proceedings of the 11th Working Conference on Mining Software Repositories (MSR 2014), Hyderabad, India, May 31-June 1, 2014."
59,CO,2,2014,An Industrial Case Study of Automatically Identifying Performance Regression-Causes,168 112 105 169 129,,MSR2014_AnIndustrialCaseStudyOfAutomaticallyIdentifyingPerformanceRegression-Causes.pdf,15,"In Proceedings of the 11th Working Conference on Mining Software Repositories (MSR 2014), Hyderabad, India, May 31-June 1, 2014."
60,CO,2,2014,Continuous Validation of Load Test Suites,182 106 112 105 169 129,http://www.slideshare.net/SAIL_QU/continuous-validation-of-load-test-suites,ICPE2014_ContinuousValidationOfLoadTestSuites.pdf,17,"In Proceedings of the 3rd ACM/SPEC International Conference on Performance Engineering (ICPE 2014). Dublin, Ireland. March 22-26"
61,CO,2,2014,Orchestrating Change: An Artistic Representation of Software Evolution,167 212 105,,CSMR-WCRE2014_OrchestratingChange_AnArtisticRepresentationOfSoftwareEvolution.pdf,16,"In Proceedings of the Early Research Achievements (ERA) track of the 1st joint meeting of the European Conference on Software Maintenance and Reengineering and the Working Conference on Reverse Engineering (CSMR/WCRE 2014), Antwerp, Belgium, Feb 3-7, 2014."
201,TH,2,2014,Studying The Impact Of Developer Communication On The Quality And Evolution Of A Software System,110 226,,2014_StudyingTheImpactOfDeveloperCommunicationOnTheQualityAndEvolutionOfASoftwareSystem.pdf,48,"PhD Thesis, School of Computing, Faculty of Arts and Science, Queen's University, Ontario, Canada, 2014."
202,TH,2,2014,Log Engineering: Towards Systematic Log Mining to Support the Development of Ultra-large Scale Systems,113 226,,2014_LogEngineering_TowardsSystematicLogMiningToSupportTheDevelopmentOfUltra-largeScaleSystems.pdf,48,"PhD Thesis, School of Computing, Faculty of Arts and Science, Queen's University, Ontario, Canada, 2014."
218,JO,2,2014,Impact of Ad Libraries on Ratings of Android Mobile Apps,175 112 101 193 194 105,,,3,IEEE Software 31(6): 86-92 (2014)
219,CO,2,2014,Early Identification of Future Committers in Open Source Software Projects,179 147 170 105 195 150,,QSIC2014_EarlyIdentificationOfFutureCommittersInOpenSourceSoftwareProjects.pdf,36,QSIC 2014: 47-56
12,JO,1,2013,A Large Scale Empirical Study on Software Reuse in Mobile Apps,175 101 112 194 193 105,,IEEESoftware_ALargeScaleEmpiricalStudyOnSoftwareReuseInMobileApps.pdf,3,"IEEE Software. In press, 2013."
13,JO,1,2013,Management of community contributions - A case study on the Android and Linux software ecosystems,110 105 101 131,,EMSE_ManagementOfCommunityContributions-ACaseStudyOnTheAndroidAndLinuxSoftwareEcosystems.pdf,1,"Empirical Software Engineering. In press, 2013."
14,JO,1,2013,The Impact of Classifier Configuration and Classifier Combination on Bug Localization,109 112 185 105,,TSE_TheImpactOfClassifierConfigurationAndClassifierCombinationOnBugLocalization.pdf,4,IEEE Transactions on Software Engineering 18(2): 39(10): 1427-1443 (2013)
15,JO,1,2013,Is Lines of Code a Good Measure of Effort in Effort-Aware Models?,116 147 101 105,,IST_IsLinesOfCodeAGoodMeasureOfEffortInEffort-AwareModels_.pdf,6,"Information and Software Technology. In press, 2013."
16,JO,1,2013,Studying the Relationship between Logging Characteristics and the Code Quality of Platform Software,113 112 105,,EMSE_StudyingTheRelationshipBetweenLoggingCharacteristicsAndTheCodeQualityOfPlatformSoftware.pdf,1,"Empirical Software Engineering. In press, 2013."
17,JO,1,2013,"Towards Improving Statistical Modelling of Software Engineering Data: Think Locally, Act Globally!",110 112 105,,"EMSE_TowardsImprovingStatisticalModellingOfSoftwareEngineeringData_ThinkLocally,ActGlobally!.pdf",1,Empirical Software Engineering. Accepted in Nov 2013.
18,JO,1,2013,An Exploratory Study of the Evolution of Communicated Information about the Execution of Large Software Systems,113 106 101 105 139 169 129,http://www.slideshare.net/SAIL_QU/ian-wcre2011-49835350,JSEP_AnExploratoryStudyOfTheEvolutionOfCommunicatedInformationAboutTheExecutionOfLargeSoftwareSystems.pdf,7,"Journal of Software: Evolution and Process. In press, 2013."
22,JO,1,2013,Studying the impact of social interactions on software quality,110 105,,EMSE_StudyingTheImpactOfSocialInteractionsOnSoftwareQuality.pdf,1,Empirical Software Engineering 18(2): 375-431 (2013)
62,CO,2,2013,Revisiting Prior Empirical Findings For Mobile Apps: An Empirical Case Study on the 15 Most Popular Open-Source Android Apps,182 112 101 105,http://www.slideshare.net/SAIL_QU/revisiting-prior-empirical-findings-for-mobile-apps-an-empirical-case-study-on-the-15-most-popular-opensource-android-apps,CASCON2013_RevisitingPriorEmpiricalFindingsForMobileApps_AnEmpiricalCaseStudyOnThe15MostPopularOpen-SourceAndroidApps.pdf,22,"In CASCON 2013, Toronto/Markham Ontario, Canada, Nov 18-20, 2013."
63,CO,2,2013,Predicting Bugs Using Antipatterns,213 122 115 105 112,,ICSM-ICSME2013_PredictingBugsUsingAntipatterns.pdf,13,"In Proceedings of the 29th IEEE International Conference on Software Maintenance (ICSM 2013), September, 2013. Eindhoven, Netherlands."
64,CO,2,2013,Leveraging Historical Co-Change Information for Requirements Traceability,190 214 105,,WCRE2013_LeveragingHistoricalCo-ChangeInformationForRequirementsTraceability.pdf,16,"In Proceedings of the 20th Working Conference on Reverse Engineering (WCRE'13), October 14-17, 2013. IEEE Computer Society Press."
65,CO,2,2013,How does Context affect the Distribution of Software Maintainability Metrics?,215 140 115 122 105,http://www.slideshare.net/SAIL_QU/icsm2013-contexts-1,ICSM-ICSME2013_HowDoesContextAffectTheDistributionOfSoftwareMaintainabilityMetrics_.pdf,13,"In Proceedings of the 29th IEEE International Conference on Software Maintenance (ICSM 2013), September 22, 2013. Eindhoven, Netherlands."
66,CO,2,2013,Leveraging Performance Counters and Execution Logs to Diagnose Memory-Related Performance Issues,182 106 112 105 169 129,http://www.slideshare.net/SAIL_QU/leveraging-performance-counters-and-execution-logs-to-diagnose-memory-related-performance-issues,ICSM-ICSME2013_LeveragingPerformanceCountersAndExecutionLogsToDiagnoseMemory-RelatedPerformanceIssues.pdf,13,"In Proceedings of the 29th IEEE International Conference on Software Maintenance (ICSM 2013). September 22, 2013. Eindhoven, Netherlands."
67,CO,2,2013,Assisting Developers of Big Data Analytics Applications When Deploying on Hadoop Clouds,113 106 165 101 105 178,http://www.slideshare.net/SAIL_QU/icse2013-shang,ICSE2013_AssistingDevelopersofBigDataAnalyticsApplicationsWhenDeployingOnHadoopClouds.pdf,14,"In Proceedings of the 35th International Conference on Software Engineering (ICSE 2013), San Francisco, California, USA, May, 2013."
68,CO,2,2013,Automatic Detection of Performance Deviations in the Load Testing of Large Scale Systems,162 165 105,http://www.slideshare.net/SAIL_QU/icse2013-malik,ICSE2013_AutomaticDetectionOfPerformanceDeviationsInTheLoadTestingOfLargeScaleSystems.pdf,14,"In Proceedings of the SEIP Track in the 35th International Conference on Software Engineering (ICSE 2013), San Francisco, California, USA, May, 2013."
69,CO,2,2013,The Evolution of the R Software Ecosystem,131 101 105,,CSMR2013_TheEvolutionOfTheRSoftwareEcosystem.pdf,16,"In Proceedings of the 17th European Conference on Software Maintenance and Reengineering, CSMR (Genova, Italy), March 5 - 8, 2013."
203,TH,2,2013,Large-Scale Empirical Studies of Mobile Apps,175 226,,2013_Large-ScaleEmpiricalStudiesOfMobileApps.pdf,49,"Master's Thesis, School of Computing, Faculty of Arts and Science, Queen's University, Ontario, Canada, 2013."
204,TH,2,2013,Automated Analysis of Load Testing Results,106 226,,2013_AutomatedAnalysisOfLoadTestingResults.pdf,48,"PhD Thesis, School of Computing, Faculty of Arts and Science, Queen's University, Ontario, Canada, 2013."
205,TH,2,2013,Empirical Studies of Mobile Apps and Their Dependence on Mobile Platforms,182 226,,2013_EmpiricalStudiesOfMobileAppsAndTheirDependenceOnMobilePlatforms.pdf,49,"Master's Thesis, School of Computing, Faculty of Arts and Science, Queen's University, Ontario, Canada, 2013."
206,TH,2,2013,Studying Software Quality Using Topic Models,120 226,,2013_StudyingSoftwareQualityUsingTopicModels.pdf,49,"Master's Thesis, School of Computing, Faculty of Arts and Science, Queen's University, Ontario, Canada, 2013."
220,WO,2,2013,2nd International Workshop on Load Testing of Large Software Systems (LT 2013),106 223 105 224,http://www.slideshare.net/SAIL_QU/the-second-international-workshop-on-load-testing-of-large-software-systems-lt-2013,CASCON2013_2ndInternationalWorkshopOnLoadTestingOfLargeSoftwareSystems_LT2013.pdf,22,CASCON 2013: 353-354
221,CO,2,2013,Challenges in mobile apps: a multi-disciplinary perspective,112 116 105,,CASCON2013_ChallengesInMobileApps_AMulti-DisciplinaryPerspective.pdf,22,CASCON 2013: 378-381
19,JO,1,2012,A Large-Scale Empirical Study of Just-in-Time Quality Assurance,147 116 101 105 140 119 195,,TSE_ALarge-ScaleEmpiricalStudyOfJust-in-TimeQualityAssurance.pdf,4,"IEEE Transactions on Software Engineering. In press, 2012."
20,JO,1,2012,What are developers talking about? An analysis of topics and trends in Stack Overflow,108 109 105,,EMSE_WhatAreDevelopersTalkingAbout_AnAnalysisOfTopicsAndTrendsInStackOverflow.pdf,1,"Empirical Software Engineering, Accepted September, 2012."
21,JO,1,2012,Studying Software Evolution Using Topic Models,109 101 185 105,,SCP_StudyingSoftwareEvolutionUsingTopicModels.pdf,8,"Journal of Science of Computer Programming. In Press, 2012."
23,JO,1,2012,Studying Re-opened Bugs in Open Source Software,116 179 147 114 170 101 105 150,,EMSE_StudyingRe-openedBugsInOpenSourceSoftware.pdf,1,"Empirical Software Engineering. In Press, 2012."
24,JO,1,2012,Static Test Case Prioritization Using Topic Models,109 165 105 185,,EMSE_StaticTestCasePrioritizationUsingTopicModels.pdf,1,"Empirical Software Engineering. In Press, 2012."
25,JO,1,2012,Preserving Knowledge in Software Projects,107 101 105,,JSS_PreservingKnowledgeInSoftwareProjects.pdf,2,"Journal of System and Software. In Press, 2012."
26,JO,1,2012,On the Relationship between Comment Update Practices and Software Bugs,114 110 101 105,,JSS_OnTheRelationshipBetweenCommentUpdatePracticesAndSoftwareBugs.pdf,2,"Journal of System and Software, Volume 85, Issue 10, October 2012, Pages 2293-2304."
27,JO,1,2012,The Evolution of Java Build Systems,167 101 105,,EMSE_TheEvolutionOfJavaBuildSystems.pdf,1,"Journal of Empirical Software Engineering, Volume 17 Issue 4-5, August 2012, Pages 578-608."
28,JO,1,2012,Using Pig as a Data Preparation Language for Large-Scale Mining Software Repositories Studies: An Experience Report,113 101 105,,JSS_UsingPigAsADataPreparationLanguageForLarge-ScaleMiningSoftwareRepositoriesStudies_AnExperienceReport.pdf,2,"Journal of System and Software, Volume 85 Issue 10, October, 2012 Pages 2195-2204."
30,JO,1,2012,"An Empirical Study on Inconsistent Changes to Code Clones at the Release Level, Science of Computer Programming",110 113 114 101 115 105,http://www.slideshare.net/SAIL_QU/wcre2009-bettenburg,"SCP_AnEmpiricalStudyOnInconsistentChangesToCodeClonesAtTheReleaseLevel,ScienceOfComputerProgramming.pdf",8,"Science of Computer Programming, Volume 77, Issue 6, 1 June 2012, Pages 760-776."
70,CO,2,2012,An Industrial Study on the Risk of Software Changes,116 105 101 106,http://www.slideshare.net/SAIL_QU/fse2012-shihab,FSE2012_AnIndustrialStudyOnTheRiskOfSoftwareChanges.pdf,18,"In Proceedings of the ACM SIGSOFT Symposium on The Foundations of Software Engineering (FSE 2012), Cary, North Carolina, USA, November, 2012."
71,CO,2,2012,An Empirical Study on Factors Impacting Bug Fixing Time,215 122 115 105,http://www.slideshare.net/SAIL_QU/wcre2012-delays-slides-1,WCRE2012_AnEmpiricalStudyOnFactorsImpactingBugFixingTime.pdf,16,"Proceedings of the 19th Working Conference on Reverse Engineering (WCRE), October 15-18, 2012, Kingston, Ontario, Canada."
72,CO,2,2012,An Empirical Study of the Effect of File Editing Patterns on Software Quality,215 122 115 105,http://www.slideshare.net/SAIL_QU/wcre2012-patterns-slides-1,WCRE2012_AnEmpiricalStudyOfTheEffectOfFileEditingPatternsOnSoftwareQuality.pdf,16,"Proceedings of the 19th Working Conference on Reverse Engineering (WCRE), October 15-18, 2012, Kingston, Ontario, Canada."
73,CO,2,2012,An Empirical Study of Build System Migrations in Practice: Case Studies on KDE and the Linux Kernel,181 101 112 105 115,http://www.slideshare.net/SAIL_QU/bdsys-icsm-v35,ICSM-ICSME2012_AnEmpiricalStudyOfBuildSystemMigrationsInPractice_CaseStudiesOnKDEAndTheLinuxKernel.pdf,13,"In Proceedings of the 28th IEEE International Conference on Software Maintenance (ICSM 2012). September 25 - 27, 2012. Riva del Garda, Trento, Italy."
74,CO,2,2012,The Impact of Bug Management Patterns on Bug Fixing: A Case Study of Eclipse Projects,170 105 171 150,http://www.slideshare.net/SAIL_QU/ohira-icsm2012,ICSM-ICSME2012_TheImpactOfBugManagementPatternsOnBugFixing_ACaseStudyOfEclipseProjects.pdf,13,"In Proceedings of the 28th IEEE International Conference on Software Maintenance (ICSM 2012). September 25 - 27, 2012. Riva del Garda, Trento, Italy."
75,CO,2,2012,Recovering Commit Dependencies for Selective Code Integration in Software Product Lines,121 122 115 105,http://www.slideshare.net/SAIL_QU/icsm2012-selective-codeintegration-49835382,ICSM-ICSME2012_RecoveringCommitDependenciesForSelectiveCodeIntegrationInSoftwareProductLines.pdf,13,"In Proceedings of the 28th IEEE International Conference on Software Maintenance (ICSM 2012). September 25 - 27, 2012. Riva del Garda, Trento, Italy."
76,CO,2,2012,Understanding Reuse in the Android Market,175 112 101 105,http://www.slideshare.net/SAIL_QU/icpc2012-israel,ICPC2012_UnderstandingReuseInTheAndroidMarket.pdf,23,"In Proceedings of the 20th IEEE International Conference on Program Comprehension (ICPC 2012), Passau, Germany, June 11-13, 2012."
77,CO,2,2012,"Think Locally, Act Globally: Improving Defect and Effort Prediction Models",110 112 105,http://www.slideshare.net/SAIL_QU/msr2012-bettenburg-presentation,"MSR2012_ThinkLocally,ActGlobally_ImprovingDefectAndEffortPredictionModels.pdf",15,"In Proceedings of the 9th Working Conference on Mining Software Repositories (MSR 2012). Zurich, Switzerland. June 2-3, 2012."
78,CO,2,2012,Explaining Software Defects Using Topic Models,120 109 112 105,http://www.slideshare.net/SAIL_QU/msr2012-chen,MSR2012_ExplainingSoftwareDefectsUsingTopicModels.pdf,15,"In Proceedings of the 9th Working Conference on Mining Software Repositories (MSR 2012). Zurich, Switzerland. June 2-3, 2012."
79,CO,2,2012,A Qualitative Study on Performance Bugs,187 101 105,http://www.slideshare.net/SAIL_QU/msr2012-adams,MSR2012_AQualitativeStudyOnPerformanceBugs.pdf,15,"In Proceedings of the 9th Working Conference on Mining Software Repositories (MSR 2012). Zurich, Switzerland. June 2-3, 2012."
80,CO,2,2012,Bridging the Divide between Software Developers and Operators using Logs,113 226,http://www.slideshare.net/SAIL_QU/icse2012-shang,ICSE2012_BridgingTheDivideBetweenSoftwareDevelopersAndOperatorsUsingLogs.pdf,14,"In Proceedings of the Doctoral Symposium Track of the 34th International Conference on Software Engineering (ICSE 2012). Zurich, Switzerland. June, 2012."
81,CO,2,2012,Automated Detection of Performance Regressions Using Statistical Process Control Techniques,168 101 106 105 169 129,,ICPE2012_AutomatedDetectionOfPerformanceRegressionsUsingStatisticalProcessControlTechniques.pdf,17,"In Proceedings of the 3rd ACM/SPEC International Conference on Performance Engineering (ICPE 2012). Boston, MA, US, April 22-25, 2012."
82,CO,2,2012,Using Control Charts for Detecting and Understanding Performance Regressions in Large Software,168 226,,ICST2012_UsingControlChartsForDetectingAndUnderstandingPerformanceRegressionsInLargeSoftware.pdf,25,"In Proceedings of the IEEE International Conference on Software Testing, Verification, and Validation (ICST 2012). Montreal, Canada. April 17-21, 2012."
83,CO,2,2012,A Large Scale Empirical Study on User-Centric Performance Analysis,187 101 105,http://www.slideshare.net/SAIL_QU/icst2012-zaman,ICST2012_ALargeScaleEmpiricalStudyOnUser-CentricPerformanceAnalysis.pdf,25,"In Proceedings of the Industrial Track at the 5th International Conference on Software Testing, Verification and Validation (ICST). Montreal, Quebec, Canada. April 17-21, 2012."
84,CO,2,2012,Using Fuzzy Code Search to Link Code Fragments in Discussions to Source Code,110 109 105,http://www.slideshare.net/SAIL_QU/csmr2012-bettenburg-presentation,CSMR2012_UsingFuzzyCodeSearchToLinkCodeFragmentsInDiscussionsToSourceCode.pdf,16,"In Proceedings of the 16th European Conference on Software Maintenance and Reengineering (CSMR), Szeged, Hungary, March 27-30, 2012."
207,TH,2,2012,Mining Unstructured Software Repositories Using IR Models,109 226,,2012_MiningUnstructuredSoftwareRepositoriesUsingIRModels.pdf,48,"PhD Thesis, School of Computing, Faculty of Arts and Science, Queen's University, Ontario, Canada, 2012."
208,TH,2,2012,An Exploration of Challenges Limiting Pragmatic Software Defect Prediction,116 226,,2012_AnExplorationOfChallengesLimitingPragmaticSoftwareDefectPrediction.pdf,48,"PhD Thesis, School of Computing, Faculty of Arts and Science, Queen's University, Ontario, Canada, 2012."
209,TH,2,2012,Empirical Studies of Performance Bugs and Performance Analysis Approaches for Software Systems,187 226,,2012_EmpiricalStudiesOfPerformanceBugsAndPerformanceAnalysisApproachesForSoftwareSystems.pdf,49,"Master's Thesis, School of Computing, Faculty of Arts and Science, Queen's University, Ontario, Canada, 2012."
29,JO,1,2011,Prioritizing the Creation of Unit Tests in Legacy Software Systems,116 106 101 105 180,,SPE_PrioritizingTheCreationOfUnitTestsInLegacySoftwareSystems.pdf,9,"In Software: Practice and Experience (SPE), Volume 41 Issue 10, September 2011 Pages 1027-1048."
85,CO,2,2011,Automated Verification of Load Tests Using Control Charts,168 101 106 105 169 129,,APSEC2011_AutomatedVerificationOfLoadTestsUsingControlCharts.pdf,26,"In Proceedings of the 18th Asia Pacific Software Engineering Conference (APSEC 2011). Ho Chi Minh, Vietnam, 5-8 Dec. 2011."
86,CO,2,2011,An Entropy Evaluation Approach for Triaging Field Crashes: A Case Study of Mozilla Firefox,122 118 115 105,http://www.slideshare.net/SAIL_QU/wcre2011-khomh,WCRE2011_AnEntropyEvaluationApproachForTriagingFieldCrashes_ACaseStudyOfMozillaFirefox.pdf,16,"In Proceedings of the 18th Working Conference on Reverse Engineering (WCRE). Limerick, Ireland, October, 2011."
87,CO,2,2011,Impact of Installation Counts on Perceived Quality: A Case Study on Debian,141 116 168 105,,WCRE2011_ImpactOfInstallationCountsOnPerceivedQuality_ACaseStudyOnDebian.pdf,16,"In Proceedings of the 18th Working Conference on Reverse Engineering (WCRE). Limerick, Ireland, October, 2011."
88,CO,2,2011,An Exploratory Study of the Evolution of Communicated Information about the Execution of Large Software Systems,113 106 101 105 139 169 129,http://www.slideshare.net/SAIL_QU/ian-wcre2011-50829355tp://dl.acm.org/citation.cfm?id=1839223,WCRE2011_AnExploratoryStudyOfTheEvolutionOfCommunicatedInformationAboutTheExecutionOfLargeSoftwareSystems.pdf,16,"In Proceedings of the 18th Working Conference on Reverse Engineering (WCRE). Limerick, Ireland, October, 2011."
89,CO,2,2011,High-Impact Defects: A Study of Breakage and Surprise Defects,116 140 147 101 105,http://www.slideshare.net/SAIL_QU/emad-fse2011-final,FSE2011_High-ImpactDefects_AStudyOfBreakageAndSurpriseDefects.pdf,18,"In Proceedings of the Eighth joint meeting of the European Software Engineering Conference and the ACM SIGSOFT Symposium on The Foundations of Software Engineering (FSE). Szeged, Hungary. September, 2011."
90,CO,2,2011,Mining Development Repositories To Study the Impact of Collaboration on Software Systems,110 226,http://www.slideshare.net/SAIL_QU/fse2011-bettenburg-presentation,FSE2011_MiningDevelopmentRepositoriesToStudyTheImpactOfCollaborationOnSoftwareSystems.pdf,18,"In Proceedings of the Doctoral Symposium Track of the Eighth joint meeting of the European Software Engineering Conference and the ACM SIGSOFT Symposium on The Foundations of Software Engineering (FSE). Szeged, Hungary. September, 2011."
91,CO,2,2011,Using Indexed Sequence Diagrams to Recover the Behaviour of AJAX Applications,167 101 105 115,,WSE2011_UsingIndexedSequenceDiagramsToRecoverTheBehaviourOfAJAXApplications.pdf,27,"In Proceedings of the 13th IEEE International Symposium on Web Systems Evolution (WSE 2011). September 30, 2011. Williamsburg, VA, US."
92,CO,2,2011,Modeling the Performance of Ultra-Large-Scale Systems Using Layered Simulations,128 106 101 105 115 216 129,,MESOCA2011_ModelingThePerformanceOfUltra-Large-ScaleSystemsUsingLayeredSimulations.pdf,28,"In Proceedings of the IEEE International Workshop on the Maintenance and Evolution of Service-Oriented and Cloud-Based Systems (MESOCA 2011). September 26, 2011. Williamsburg, VA, US."
94,CO,2,2011,Exploring the Development of Micro-Apps: A Case Study on the BlackBerry and Android Platforms,182 101 115 105,http://www.slideshare.net/SAIL_QU/icsm2011-syer,SCAM2011_ExploringTheDevelopmentOfMicro-Apps_ACaseStudyOnTheBlackBerryAndAndroidPlatforms.pdf,29,"In Proceedings of the 11th IEEE International Working Conference on Source Code Analysis and Manipulation (SCAM 2011). September 25-26, 2011. Williamsburg, VA, US."
95,CO,2,2011,Identifying Performance Deviations in Thread Pools,182 101 105,http://www.slideshare.net/SAIL_QU/scam2011-syer,ICSM-ICSME2011_IdentifyingPerformanceDeviationsInThreadPools.pdf,13,"In Proceedings of the 27th IEEE International Conference on Software Maintenance (ICSM 2011). September 25 - 30, 2011. Williamsburg, VA, US."
96,CO,2,2011,Studying the fix-time for bugs in large open source projects,166 115 105,,PROMISE2011_StudyingTheFix-timeForBugsInLargeOpenSourceProjects.pdf,30,"In Proceedings of the 7th International Conference on Predictive Models in Software Engineering (PROMISE). Banff, Canada, September 20-21, 2011."
97,CO,2,2011,On the distribution of source code file sizes,141 131 105,,ICSOFT2011_OnThedistributionOfSourceCodeFileSizes.pdf,31,"In Proceedings of the 6th International Conference on Software and Data Technologies (ICSOFT 2011). July 18-21, 2011. Seville, Spain."
98,CO,2,2011,A Lightweight Approach to Uncover Technical Information in Unstructured Data,110 101 105 111,http://www.slideshare.net/SAIL_QU/bettenburg-icpc2011,ICPC2011_ALightweightApproachToUncoverTechnicalInformationInUnstructuredData.pdf,23,"In the Poster and Tool Demonstration Track of the Proceedings of the 19th IEEE International Conference on Program Comprehension (ICPC 2011). Kingston, Ontario, Canada. June 22-24, 2011."
99,CO,2,2011,Industrial Case Study on Supporting the Comprehension of System Behaviour Under Load,182 101 105,http://www.slideshare.net/SAIL_QU/icpc2011-syer,ICPC2011_IndustrialCaseStudyOnSupportingTheComprehensionOfSystemBehaviourUnderLoad.pdf,23,"In the Poster and Tool Demonstration Track of the Proceedings of the 19th IEEE International Conference on Program Comprehension (ICPC 2011). Kingston, Ontario, Canada. June 22-24, 2011."
100,CO,2,2011,Build System Maintenance,167 226,http://www.slideshare.net/SAIL_QU/icse2011-src,ICSE2011_BuildSystemMaintenance.pdf,14,"In Proceedings of the ACM Student Research Competition of the 33rd International Conference on Software Engineering (ICSE 2011). Waikiki, Honolulu, Hawaii, USA. May 21-28, 2011."
101,CO,2,2011,Mining Software Repositories Using Topic Models,109 226,http://www.slideshare.net/SAIL_QU/icse2011-thomas-poster,ICSE2011_MiningSoftwareRepositoriesUsingTopicModels.pdf,14,"In Proceedings of the Doctoral Symposium Track of the 33rd International Conference on Software Engineering (ICSE 2011). Waikiki, Honolulu, Hawaii, USA. May 21-28, 2011."
102,CO,2,2011,Pragmatic Prioritization of Software Quality Assurance Efforts,116 226,http://www.slideshare.net/SAIL_QU/icse-2011-ds1,ICSE2011_PragmaticPrioritizationOfSoftwareQualityAssuranceEfforts.pdf,14,"In Proceedings of the Doctoral Symposium Track of the 33rd International Conference on Software Engineering (ICSE 2011). Waikiki, Honolulu, Hawaii, USA. May 21-28, 2011."
103,CO,2,2011,Recovering a Balanced Overview of Topics in a Software Domain,151 152 101 105,,SCAM2011_RecoveringABalancedOverviewOfTopicsInASoftwareDomain.pdf,29,"In Proceedings of the 11th IEEE International Working Conference on Source Code Analysis and Manipulation (SCAM 2011). September 25-26, 2011. Williamsburg, VA, US."
104,CO,2,2011,An Empirical Study of Build Maintenance Effort,167 101 168 147 105,http://www.slideshare.net/SAIL_QU/icse2011-src,ICSE2011_AnEmpiricalStudyOfBuildMaintenanceEffort.pdf,14,"In Proceedings of the 33rd International Conference on Software Engineering (ICSE 2011). Waikiki, Honolulu, Hawaii, USA. May 21-28, 2011."
105,CO,2,2011,Modeling the Evolution of Topics in Source Code Histories,109 101 105 185,http://www.slideshare.net/SAIL_QU/sthomas-slides,ICSE2011_ModelingTheEvolutionOfTopicsInSourceCodeHistories.pdf,15,"In Proceedings of the 8th Working Conference on Mining Software Repositories (MSR 2011). Waikiki, Honolulu, Hawaii, USA. May 21-22, 2011."
106,CO,2,2011,Security Versus Performance Bugs: A Case Study on Firefox,187 101 105,http://www.slideshare.net/SAIL_QU/msr2011-zaman,MSR2011_SecurityVersusPerformanceBugs_ACaseStudyOnFirefox.pdf,15,"In Proceedings of the 8th Working Conference on Mining Software Repositories (MSR 2011). Waikiki, Honolulu, Hawaii, USA. May 21-22, 2011."
210,TH,2,2011,Studying the Evolution of Build Systems,167 226,,2011_StudyingTheEvolutionOfBuildSystems.pdf,49,"Master's Thesis, School of Computing, Faculty of Arts and Science, Queen's University, Ontario, Canada, 2011."
211,TH,2,2011,Automated Discovery of Performance Regressions In Enterprise Applications,128 226,,2011_AutomatedDiscoveryOfPerformanceRegressionsInEnterpriseApplications.pdf,49,"Master's Thesis, Department of Electrical and Computer Engineering, Faculty of Arts and Science, Queen's University, Ontario, Canada, 2011."
31,JO,1,2010,Introduction to the special issue on reverse engineering (WCRE 2008),105 196 197,,JSME_IntroductionToTheSpecialIssueOnReverseEngineering(WCRE2008).pdf,10,Journal of Software Maintenance 22(3): 141-142 (2010)
107,CO,2,2010,Software Intelligence: The Future of Mining Software Engineering Data,105 137,,FSE2010_SoftwareIntelligence_TheFutureOfMiningSoftwareEngineeringData.pdf,18,"In Proceedings of NSF Workshop on the Future of Software Engineering Research, 2010. (Co-located with FSE 2010). Santa Fe, New Mexico, USA. November 7-8, 2010."
108,CO,2,2010,Pinpointing the Subsystems Responsible for the Performance Deviations in a Load Test,162 101 105,http://www.slideshare.net/SAIL_QU/issre2010-malik,ISSRE2010_PinpointingTheSubsystemsResponsibleForThePerformanceDeviationsInALoadTest.pdf,32,"In Proceedings of the 21st Annual International Symposium on Software Reliability Engineering (ISSRE 2010). San Jose, California, USA. November 1-4, 2010."
109,CO,2,2010,Predicting Re-opened Bugs: A Case Study on the Eclipse Project,116 179 147 114 170 101 105 150,http://www.slideshare.net/SAIL_QU/wcre2010-shihab,WCRE2010_PredictingRe-openedBugs_ACaseStudyOnTheEclipseProject.pdf,16,"In Proceedings of the 17th Working Conference on Reverse Engineering (WCRE 2010). Boston, Massachusetts, USA. October 13-16, 2010."
110,CO,2,2010,A Case Study of Bias in Bug-Fix Datasets,168 101 105,,WCRE2010_ACaseStudyOfBiasInBug-FixDatasets.pdf,16,"In Proceedings of the 17th Working Conference on Reverse Engineering (WCRE 2010). Boston, Massachusetts, USA. October 13-16, 2010."
111,CO,2,2010,Studying the Impact of Clones on Software Defects,176 177 113 101 105 115,,WCRE2010_StudyingTheImpactOfClonesOnSoftwareDefects.pdf,16,"In Proceedings of the 17th Working Conference on Reverse Engineering (WCRE 2010). Boston, Massachusetts, USA. October 13-16, 2010."
112,CO,2,2010,Mining Unstructured Data is Like Fishing in Muddy Waters,110 101,http://www.slideshare.net/SAIL_QU/mud2010-bettenburg-presentation,MUD2010_MiningUnstructuredDataIsLikeFishingInMuddyWaters.pdf,53,"In Proceedings of the Workshop on Mining Unstructured Data (MUD), co-located with the 17th Working Conference on Reverse Engineering (WCRE 2010). Boston, Massachusetts, USA. October 13-16, 2010."
113,CO,2,2010,An Experience Report on Scaling Tools for Mining Software Repositories Using MapReduce,113 101 105,http://www.slideshare.net/SAIL_QU/ase2010-shang,ASE2010_AnExperienceReportOnScalingToolsForMiningSoftwareRepositoriesUsingMapReduce.pdf,33,"In Proceedings of the 25th IEEE/ACM International Conference on Automated Software Engineering (ASE 2010). Antwerp, Belgium, September 20-24, 2010."
114,CO,2,2010,Understanding the Impact of Code and Process Metrics on Post-release Defects: A Case Study on the Eclipse Project,116 106 114 101 105,http://www.slideshare.net/SAIL_QU/esem2010-shihab,EMSE2010_UnderstandingTheImpactOfCodeAndProcessMetricsOnPost-releaseDefects_ACaseStudyOnTheEclipseProject.pdf,34,"In Proceedings of the 4th IEEE International Symposium on Empirical Software Engineering and Measurement (ESEM 2010), Bolzano-Bozen, Italy. September 16-17, 2010."
115,CO,2,2010,Revisiting Common Bug Prediction Findings Using Effort-Aware Models,147 148 149 150 101 105,http://www.slideshare.net/SAIL_QU/icsm2010-kamei,ICSM-ICSME2010_RevisitingCommonBugPredictionFindingsUsingEffort-AwareModels.pdf,13,"In Proceedings of the 26th IEEE International Conference on Software Maintenance (ICSM 2010), Timisoara, Romania, September 12-18, 2010."
116,CO,2,2010,Studying the impact of dependency network measures on software quality,168 101 105,,ICSM-ICSME2010_StudyingTheimpactOfdependencynetworkmeasuresOnsoftwarequality.pdf,13,"In Proceedings of the 26th IEEE International Conference on Software Maintenance (ICSM 2010), Timisoara, Romania, September 12-18, 2010."
117,CO,2,2010,Validating the Use of Topic Models for Software Evolution,109 101 105 185,http://www.slideshare.net/SAIL_QU/scam2010-thomas-presentation,SCAM2010_ValidatingTheUseOfTopicModelsForSoftwareEvolution.pdf,29,"In Proceedings of the Tenth IEEE International Working Conference on Source Code Analysis and Manipulation (SCAM 2010). Timisoara, Romania. September 12-13, 2010."
118,CO,2,2010,Using Load Tests To Automatically Compare the Subsystems of a Large Enterprise System,162 101 105 129 146,http://www.slideshare.net/SAIL_QU/compsac2010-malik,COMPSAC2010_UsingLoadTestsToAutomaticallyCompareTheSubsystemsOfALargeEnterpriseSystem.pdf,35,"In Proceedings of the 34th Computer Software and Applications Conference (COMPSAC 2010). Seoul, Korea. July 19-23, 2010."
119,CO,2,2010,Prioritizing Unit Test Creation for Test-Driven Maintenance of Legacy Systems,116 106 101 105 180,http://www.slideshare.net/SAIL_QU/qsic2010-shihab,QSIC2010_PrioritizingUnitTestCreationForTest-DrivenMaintenanceOfLegacySystems.pdf,36,"In Proceedings of the 10th International Conference on Quality Software (QSIC 2010). Zhangjiajie, China. July 14-15, 2010."
120,CO,2,2010,Mining Performance Regression Testing Repositories for Automated Performance Analysis,128 106 101 105 115 129,,QSIC2010_MiningPerformanceRegressionTestingRepositoriesForAutomatedPerformanceAnalysis.pdf,36,"In Proceedings of the 10th International Conference on Quality Software (QSIC 2010). Zhangjiajie, China. July 14-15, 2010."
121,CO,2,2010,Automated Analysis of Load Testing Results,106 226,,ISSTA2010_AutomatedAnalysisOfLoadTestingResults.pdf,37,"In Proceedings of the Doctoral Symposium Track of the 2010 International Conference on Software Testing and Analysis (ISSTA 2010). Trento, Italy. July 12 - July 16, 2010."
122,CO,2,2010,Clustering WSDL Documents to Bootstrap the Discovery of Web Services,127 105 178,,MESOCA2010_ClusteringWSDLDocumentsToBootstrapTheDiscoveryOfWebServices.pdf,28,"In Proceedings of the 8th International Conference on Web Services (ICWS 2010). Miami, USA. July 5 - July 10, 2010."
123,CO,2,2010,Studying the Impact of Social Structures on Software Quality,110 105,http://www.slideshare.net/SAIL_QU/icpc2010-bettenburg,ICPC2010_StudyingTheImpactOfSocialStructuresOnSoftwareQuality.pdf,23,"In Proceedings of the 18th IEEE International Conference on Program Comprehension (ICPC 2010). Braga, Portugal. June 30 - July 2, 2010."
124,CO,2,2010,Visualizing the Results of Field Testing,118 115 105 119,,ICPC2010_VisualizingTheResultsOfFieldTesting.pdf,23,"In Proceedings of the 18th IEEE International Conference on Program Comprehension (ICPC 2010). Braga, Portugal. June 30 - July 2, 2010."
125,CO,2,2010,An Industrial Case Study on Speeding up User Acceptance Testing by Mining Execution Logs,106 145 116 105 129,,SSIRI2010_AnIndustrialCaseStudyOnSpeedingIpUserAcceptanceTestingByMiningExecutionLogs.pdf,39,"In Proceedings of the 4th IEEE International Conference on Secure Software Integration and Reliability Improvement (SSIRI 2010). Singapore. June 9-11, 2010."
126,CO,2,2010,The Evolution of ANT Build Systems,167 101 105,http://www.slideshare.net/SAIL_QU/msr2010-mc-intosh,MSR2010_TheEvolutionOfANTBuildSystems.pdf,15,"In Proceedings of the 7th Working Conference on Mining Software Repositories (MSR 2010). Cape Town, South Africa. May 2-8, 2010."
127,CO,2,2010,Should I contribute to this discussion?,114 110 116 101 105,http://www.slideshare.net/SAIL_QU/msr2010-ibrahim,MSR2010_ShouldIContributeToThisDiscussion_.pdf,15,"In Proceedings of the 7th Working Conference on Mining Software Repositories (MSR 2010). Cape Town, South Africa. May 2-8, 2010."
128,CO,2,2010,Identifying Crosscutting Concerns Using Historical Code Changes,101 106 105,http://www.slideshare.net/SAIL_QU/icse2010-adams-presentation,ICSE2010_IdentifyingCrosscuttingConcernsUsingHistoricalCodeChanges.pdf,14,"In Proceedings of the 32nd International Conference on Software Engineering (ICSE 2010). Cape Town, South Africa. May 2-8, 2010."
129,CO,2,2010,Mining software engineering data,105 137,,ICSE2010_MiningSoftwareEngineeringData.pdf,14,"In Proceedings of the 32nd International Conference on Software Engineering (ICSE 2010). Cape Town, South Africa. May 2-8, 2010."
130,CO,2,2010,A Methodology to Support Load Test Analysis,162 226,http://www.slideshare.net/SAIL_QU/icse2010-malik,ICSE2010_AMethodologyToSupportLoadTestAnalysis.pdf,14,"In Proceedings of the Doctoral Symposium Track of the 32nd International Conference on Software Engineering (ICSE 2010). Cape Town, South Africa. May 2-8, 2010."
131,CO,2,2010,Automatic Comparison of Load Tests to Support the Performance Analysis of Large Enterprise Systems,162 106 101 105 129 146,,ICSM-ICSME2010_AutomaticComparisonOfLoadTestsToSupportThePerformanceAnalysisOfLargeEnterpriseSystems.pdf,13,"In Proceedings of the 14th European Conference on Software Maintenance and Reengineering (CSMR 2010). Madrid, Spain. March 16-18, 2010."
212,TH,2,2010,Enabling Large-Scale Mining Software Repositories (MSR) Studies Using Web-Scale Platforms,113 226,,2010_EnablingLarge-ScaleMiningSoftwareRepositories(MSR)StudiesUsingWeb-ScalePlatforms.pdf,49,"Master's Thesis, School of Computing, Faculty of Arts and Science, Queen's University, Ontario, Canada, 2010."
213,TH,2,2010,Studying Software Evolution Using the Time Dependence of Code Changes,107 226,,2010_StudyingSoftwareEvolutionUsingTheTimeDependenceOfCodeChanges.pdf,49,"Master's Thesis, School of Computing, Faculty of Arts and Science, Queen's University, Ontario, Canada, 2010."
32,JO,1,2009,Guest Editor's Introduction: Special Issue on Mining Software Repositories,123 124 105,,EMSE_GuestEditor'sIntroduction_SpecialIssueOnMiningSoftwareRepositories.pdf,1,"Journal of Empirical Software Engineering, Volume 14, Issue 3, June 2009 Page(s): 257 - 261."
33,JO,1,2009,Change impact graphs: Determining the impact of prior code changes,131 105 132,,IST_ChangeImpactgraphs_DeterminingTheImpactOfPriorCodeChanges.pdf,6,"Information and Software Technology. In Press, May, 2009."
41,IP,1,2009,Automated Verification of Enterprise Load Tests,106 105 146 129,,ISSRE2009_AutomatedVerificationOfEnterpriseLoadTests.pdf,32,"In Proceedings of the Industrial Track at the 20th annual International Symposium on Software Reliability Engineering (ISSRE 2009). Mysuru, India. November, 2009."
42,IP,1,2009,Future of Mining Software Archives: A Roundtable (roundtable contribution),105 226,,IEEESoftware2009_FutureOfMiningSoftwareArchives_ARoundtable(RoundtableContribution).pdf,3,"IEEE Software, 61(1), January/February 2009."
132,CO,2,2009,On the Central Role of Mailing Lists in Open Source Projects: An Exploratory Study,116 110 101 105,http://www.slideshare.net/SAIL_QU/kcsd2009-emad,KCSD2009_OnTheCentralRoleOfMailingListsInOpenSourceProjects_AnExploratoryStudy.pdf,40,"In Proceedings of of the 3rd International Workshop on Knowledge Collaboration in Software Development (KCSD) 2009, Tokyo, Japan, Nov. 19-20, 2009."
133,CO,2,2009,A Case Study on the Impact of Global Participation on Mailing Lists Communications of Open Source Projects,183 105 115,,KCSD2009_ACaseStudyOnTheImpactOfGlobalParticipationOnMailingListsCommunicationsOfOpenSourceProjects.pdf,40,"In Proceedings of of the 3rd International Workshop on Knowledge Collaboration in Software Development (KCSD) 2009, Tokyo, Japan, Nov. 19-20, 2009."
134,CO,2,2009,A Study of the Time Dependence of Code Changes,107 101 105,http://www.slideshare.net/SAIL_QU/wcre2009-alam,WCRE2009_AStudyOfTheTimeDependenceOfCodeChanges.pdf,16,"In Proceedings of the 25th IEEE Working Conference on Reverse Engineering (WCRE), Lille, France, October 15-18, 2009."
135,CO,2,2009,An Empirical Study on Inconsistent Changes to Code Clones at Release Level,110 113 114 101 115 105,,WCRE2009_AnEmpiricalStudyOnInconsistentChangesToCodeClonesAtReleaseLevel.pdf,16,"In Proceedings of the 25th IEEE Working Conference on Reverse Engineering (WCRE), Lille, France, October 15-18, 2009."
136,CO,2,2009,Techniques for Identifying the Country Origin of Mailing List Participants,183 105 115,,WCRE2009_TechniquesForIdentifyingTheCountryOriginOfMailingListParticipants.pdf,16,"In Proceedings of the 25th IEEE Working Conference on Reverse Engineering (WCRE), Lille, France, October 15-18, 2009."
137,CO,2,2009,An Empirical Study on the Risks of Using Off-the-Shelf Techniques for Processing Mailing List Data,110 116 105,http://www.slideshare.net/SAIL_QU/icsm2009-bettenburg-presentation,ICSM-ICSME2009_AnEmpiricalStudyOnTheRisksOfUsingOff-the-ShelfTechniquesforProcessingMailingListData.pdf,13,"In Proceedings of the 25th IEEE International Conference on Software Maintenance (ICSM) 2009, Edmonton, Canada, September 20-26, 2009."
138,CO,2,2009,Visualizing the Structure of Field Testing Problems,118 115 105 119,,ICSM-ICSME2009_VisualizingTheStructureOfFieldTestingProblems.pdf,13,"In Proceedings of the 25th IEEE International Conference on Software Maintenance (ICSM) 2009, Edmonton, Canada, September 20-26, 2009."
139,CO,2,2009,Automated Performance Analysis of Load Tests,106 105 146 129,http://www.slideshare.net/SAIL_QU/icsm2009-jiang,ICSM-ICSME2009_AutomatedPerformanceAnalysisOfLoadTests.pdf,13,"In Proceedings of the 25th IEEE International Conference on Software Maintenance (ICSM) 2009, Edmonton, Canada, September 20-26, 2009."
140,CO,2,2009,Studying the Use of Developer IRC Meetings in Open Source Projects,116 106 105,http://www.slideshare.net/SAIL_QU/icsm2009-shihab,ICSM-ICSME2009_StudyingTheUseOfDeveloperIRCMeetingsInOpenSourceProjects.pdf,13,"In Proceedings of the 25th IEEE International Conference on Software Maintenance (ICSM) 2009, Edmonton, Canada, September 20-26, 2009."
141,CO,2,2009,Measuring the Progress of Projects Using the Time Dependence of Code Changes,107 101 105,http://www.slideshare.net/SAIL_QU/icsm2009-alam,ICSM-ICSME2009_MeasuringTheProgressOfProjectsUsingTheTimeDependenceOfCodeChanges.pdf,13,"In Proceedings of the 25th IEEE International Conference on Software Maintenance (ICSM) 2009, Edmonton, Canada, September 20-26, 2009."
142,CO,2,2009,Co-Evolution of Source Code and the Build System,101 226,http://www.slideshare.net/SAIL_QU/icsm2009-adams-phd,ICSM-ICSME2009_Co-EvolutionOfSourceCodeAndTheBuildSystem.pdf,13,"In PhD Symposium at the 25th IEEE International conference on Software Maintenance (ICSM) 2009, Edmonton, Canada, September 22, 2009."
143,CO,2,2009,MapReduce as a General Framework to Support Research in Mining Software Repositories (MSR),113 106 101 105,http://www.slideshare.net/SAIL_QU/msr2009-ian,MSR2009_MapReduceAsAGeneralFrameworkToSupportResearchInMiningSoftwareRepositories(MSR).pdf,15,"In Proceedings of the 6th IEEE Working conference on Mining Software Repositories (MSR) 2009, Vancouver, Canada, May 16 - May 17, 2009."
144,CO,2,2009,On the use of Internet Relay Chat (IRC) meetings by developers of the GNOME GTK+ project,116 106 105,http://www.slideshare.net/SAIL_QU/msr2009-emad,"MSR2009_OnTheUseOfInternetRelayChat(IRC),eetingsBydevelopersOfTheGNOMEGTK+Project.pdf",15,"In Proceedings of the 6th IEEE Working conference on Mining Software Repositories (MSR) 2009, Vancouver, Canada, May 16 - May 17, 2009."
145,CO,2,2009,Predicting Faults Using the Complexity of Code Changes,105 226,,ICSE2009_PredictingFaultsUsingTheComplexityOfCodeChanges.pdf,14,"In Proceedings of the 31st International Conference on Software Engineering (ICSE) 2009, Vancouver, Canada, May 16-24, 2009."
146,CO,2,2009,License Integration Patterns: Addressing License Mismatches in Component-Based Development?,131 105,,ICSE2009_LicenseIntegrationPatterns_AddressingLicenseMismatchesInComponent-BasedDevelopment_.pdf,14,"In Proceedings of the 31st International Conference on Software Engineering (ICSE) 2009, Vancouver, Canada, May 16-24, 2009."
147,CO,2,2009,Can we Refactor Conditional Compilation into Aspects?,101 103 104 105,http://www.slideshare.net/SAIL_QU/aosd2009-adams,AOSD2009_CanWeRefactorConditionalCompilationIntoAspects_.pdf,41,"In Proceedings of the 8th International Conference on Aspect-Oriented Software Development (AOSD) 2009, Charlottesville, Virginia, USA, March 2 - 6, 2009."
214,TH,2,2009,Automated Capacity Planning and Support for Enterprise Applications,184 226,,2009_AutomatedCapacityPlanningAndSupportForEnterpriseApplications.pdf,49,"Master's Thesis, School of Computing, Faculty of Arts and Science, Queen's University, Ontario, Canada, 2009."
34,JO,1,2008,An Automated Approach for Abstracting Execution Logs to Execution Events,106 105 129 146,,JSME_AnAutomatedApproachForAbstractingExecutionLogsToExecutionEvents.pdf,10,"In the Special Issue on Program Comprehension through Dynamic Analysis of Wiley's Journal of Software Maintenance and Evolution: Research and Practice. Volume 20, Issue 4, 2008, pp. 249-267."
43,IP,1,2008,The Road Ahead for Mining Software Repositories,105 226,,ICSM-ICSME2008_TheRoadAheadForMiningSoftwareRepositories.pdf,13,"In Proceedings of the Future of Software Maintenance (FoSM) at the 24th IEEE International Conference on Software Maintenance (ICSM) 2008, Beijing, China, September 28 - October 2, 2008."
148,CO,2,2008,Automatic Identification of Load Testing Problems,106 105 129 146,http://www.slideshare.net/SAIL_QU/icsm2008-jiang,ICSM-ICSME2008_AutomaticIdentificationOfLoadTestingProblems.pdf,13,"In Proceedings of the 24th IEEE International Conference on Software Maintenance (ICSM) 2008, Beijing, China, September 28 - October 2, 2008."
149,CO,2,2008,Retrieving Relevant Reports from a Customer Engagement Repository,184 106 105 146 129,,ICSM-ICSME2008_RetrievingRelevantReportsFromACustomerEngagementRepository.pdf,13,"In Proceedings of the 24th IEEE International Conference on Software Maintenance (ICSM) 2008, Beijing, China, September 30 - October 2, 2008. Slides"
150,CO,2,2008,Supporting Software Evolution Using Adaptive Change Propagation,162 105,,ICSM-ICSME2008_SupportingSoftwareEvolutionUsingAdaptiveChangePropagation.pdf,13,"In Proceedings of the 24th IEEE International Conference on Software Maintenance (ICSM) 2008, Beijing, China, September 30 - October 2, 2008."
151,CO,2,2008,Understanding the Rationale for Updating a Function's Comment,162 163 164 106 105,,ICSM-ICSME2008_UnderstandingTheRationaleForUpdatingAFunction'sComment.pdf,13,"In Proceedings of the 24th IEEE International Conference on Software Maintenance (ICSM) 2008, Beijing, China, September 30 - October 2, 2008."
152,CO,2,2008,Determining the Impact of Prior Code Changes,131 132 105,,SCAM2008_DeterminingTheImpactOfPriorCodeChanges.pdf,29,"In Proceedings of the Eighth IEEE International Working Conference on Source Code Analysis and Manipulation (SCAM), Beijing, China, September 28 - 29, 2008."
153,CO,2,2008,Abstracting Execution Logs to Execution Events for Enterprise Applications,106 105 129 146,http://www.slideshare.net/SAIL_QU/qsic2008-jiang,QSIC2008_AbstractingExecutionLogsToExecutionEventsForEnterpriseApplications.pdf,36,"In Proceedings of the 8th International Conference on Quality Software (QSIC), Oxford, UK, August 12-13, 2008."
154,CO,2,2008,A Framework for Measurement Based Performance Modeling,184 105 146 129,,WOSP2008_AFrameworkForMeasurementBasedPerformanceModeling.pdf,42,"In Proceedings of the Seventh International Workshop on Software and Performance (WOSP) 2008, Princeton, NJ, USA, June 23-26, 2008. Slides"
155,CO,2,2008,An Industrial Case Study of Customizing Operational Profiles Using Log Compression,105 133 129 134 135,,ICSE2008_AnIndustrialCaseStudyOfCustomizingOperationalProfilesUsingLogCompression.pdf,14,"Proceedings of the 30th IEEE/ACM International Conference on Software Engineering (ICSE), Leipzig, Germany, May 14-16, 2008"
156,CO,2,2008,Automated Classification of Change Messages in Open Source Projects,105 226,,SAC2008_AutomatedClassificationOfChangeMessagesInOpenSourceProjects.pdf,43,"Proceedings of ACM Symposium on Applied Computing (SAC), Fortaleza, Ceara, Brazil, March 16-20, 2008. pp 837-841"
222,ED,2,2008,"Proceedings of the 2008 International Working Conference on Mining Software Repositories, MSR 2008 (Co-located with ICSE), Leipzig, Germany, May 10-11, 2008, Proceedings",105 225 139,,,14,"ACM 2008, ISBN 978-1-60558-024-1"
223,ED,2,2008,"WCRE 2008, Proceedings of the 15th Working Conference on Reverse Engineering, Antwerp, Belgium, October 15-18, 2008",105 196 197,,,16,"IEEE Computer Society 2008, ISBN 978-0-7695-3429-9"
157,CO,2,2007,Empirical Evidence for SOC Dynamics in Software Evolution,136 126 105,,ICSM-ICSME2007_EmpiricalEvidenceForSOCDynamicsInSoftwareEvolution.pdf,13,"Proceedings of ICSM 2007_ International Conference on Software Maintenance, Maison Internationale, Paris, France, Oct 2-5, 2007."
158,CO,2,2007,A Framework for Studying Clones In Large Software Systems,106 105,,SCAM2007_AFrameworkForStudyingClonesInLargeSoftwareSystems.pdf,29,"Proceedings of SCAM 2007: International Working Conference on Source Code Analysis and Manipulation, Maison Internationale, Paris, France, Sept 30 - Oct 1, 2007."
159,CO,2,2007,Detecting Interaction Coupling from Task Interaction Histories,188 139 105,,ICPC2007_DetectingInteractionCouplingFromTaskInteractionHistories.pdf,23,"Proceedings of ICPC 2007: International Conference Program Comprehension, Banff, Alberta, June 26-29, 2007. Slides."
160,CO,2,2007,What Can OSS Mailing Lists Tell Us? A Preliminary Psychometric Text Analysis of the Apache Developer Mailing List,174 105,,MSR2007_WhatCanOSSMailingListsTellUs_APreliminaryPsychometricTextAnalysisOfTheApacheDeveloperMailingList.pdf,15,"Proceedings of MSR 2007: International Workshop on Mining Software Repositories, Minneapolis, USA, May 19-20, 2007."
161,CO,2,2007,Mining software engineering data,137 217 105,,ICSE2007_MiningSoftwareEngineeringData.pdf,14,"In Proceedings of the 29th International Conference on Software Engineering (ICSE 2007). Minneapolis, MN, US. May 19-27."
162,CO,2,2007,MythSE-myths in software engineering half day ICSM 2007 working session,105 154,,ICSM-ICSME2007_MythSE-MythsInSoftwareEngineeringHalfDayICSM2007WorkingSession.pdf,13,"International Conference on Software Maintenance, Maison Internationale, Paris, France, Oct 2-5, 2007."
194,PA,2,2007,MythSE -- Myths in Software Engineering,105 154,,ICSM-ICSME2007_MythSE--MythsInSoftwareEngineering.pdf,13,"Proceedings of ICSM 2007:International Conference on Software Maintenance, Maison Internationale, Paris, France, Oct 5, 2007."
195,PA,2,2007,Performance Engineering in Industry: Current Practices and Adoption Challenges,105 129,,WOSP2007_PerformanceEngineeringInIndustry_CurrentPracticesAndAdoptionChallenges.pdf,42,"Proceedings of WOSP 2007: Sixth International Workshop on Software and Performance, Buenos Aires, Argentina, Feb 5, 2007. Panelists: Alberto Avritzer (Siemens USA Research Lab), Parminder Flora (Research In Motion), Richard Friedrich (HP Labs), Marin Litoiu (IBM Toronto Lab), Kevin Mobley (Fidelity Information)."
35,JO,1,2006,Replaying Development History to Assess the Effectiveness of Change Propagation Tools,105 126,,EMSE_ReplayingDevelopmentHistoryToAssessTheEffectivenessOfChangePropagationTools.pdf,1,"Best Papers of ICSM 2005 (20th Anniversary), Journal of Empirical Software Engineering, 2006."
163,CO,2,2006,Visualizing Clone Cohesion and Coupling,106 105 126,,APSEC2006_VisualizingCloneCohesionAndCoupling.pdf,26,"Proceedings of APSEC 2006: IEEE Asia Pacific Conference on Software Engineering, Bangalore, India, Dec. 6-8, 2006."
164,CO,2,2006,Animated Visualization of Software History Using Evolution Storyboards,117 105,,WCRE2006_AnimatedVisualizationOfSoftwareHistoryUsingEvolutionStoryboards.pdf,16,"Proceedings of WCRE 2006: International Conference on Reverse Engineering, Benevento, Italy, pp. 199-208, Oct. 23-27, 2006."
165,CO,2,2006,Mining software repositories to assist developers and support managers,105 226,,ICSM-ICSME2006_MiningSoftwareRepositoriesToAssistDevelopersAndSupportManagers.pdf,13,"Proceedings of ICSM 2006: IEEE International Conference on Software Maintenance, Chicago, Philadelphia, USA, pp. 339-342, Sept. 24-27, 2006."
166,CO,2,2006,Using Decision Trees to Predict the Certification Result of a Build,105 138,,ASE2006_UsingDecisionTreesToPredictTheCertificationResultOfABuild.pdf,33,"Proceedings of ASE 2006: 21st IEEE/ACM International Conference on Automated Software Engineering, Tokyo, Japan, September 18-22, 2006."
167,CO,2,2006,Studying the Evolution of Software Systems Using Change Clusters,158 159 160 161 105,,ICPC2006_StudyingTheEvolutionOfSoftwareSystemsUsingChangeClusters.pdf,23,"Proceedings of ICPC 2006: International Conference on Program Comprehension, Athens, Greece, June 14-16, 2006."
168,CO,2,2006,Evolution Storyboards: Visualization of Software Structure Dynamics,117 105,,ICPC2006_EvolutionStoryboards_VisualizationOfSoftwareStructureDynamics.pdf,23,"Proceedings of ICPC 2006: International Conference on Program Comprehension, Athens, Greece, June 14-16, 2006."
169,CO,2,2006,TA-RE: an exchange language for mining software repositories,153 154 130 105 140 155 125 156 157,,MSR2006_TA-RE_AnExchangeLanguageForMiningSoftwareRepositories.pdf,15,"Proceedings of MSR 2006: International Workshop on Mining Software Repositories, Shanghai, China, May 22-23, 2006."
170,CO,2,2006,Examining the Evolution of Code Comments in PostgreSQL,106 105,,MSR2006_ExaminingTheEvolutionOfCodeCommentsInPostgreSQL.pdf,15,"Proceedings of MSR 2006: International Workshop on Mining Software Repositories, Shanghai, China, May 22-23, 2006."
171,CO,2,2006,MSR 2006: The International Workshop on Mining Software Repositories,123 124 125 105,,ICSE2006_MSR2006_TheInternationalWorkshopOnMiningSoftwareRepositories.pdf,14,"Proceedings of ICSE 2006: International Conference on Software Engineering, Shanghai, China, May 20-28, 2006."
215,TH,2,2006,Visualizing and Understanding Code Duplication in Large Software Systems,106 226,,2006_VisualizingAndUnderstandingCodeDuplicationInLargeSoftwareSystems.pdf,49,"Master's Thesis, The David R. Cheriton School of Computer Science, Faculty of Mathematics, University of Waterloo, Ontario, Canada, 2006."
224,WO,2,2006,MSR 2006: the 3rd international workshop on mining software repositories,123 124 125 105,,,14,ICSE 2006: 1021
225,WO,2,2006,Introduction to MSR 2006,123 124 125 105,,,14,MSR 2006: 1-2
226,ED,2,2006,"Proceedings of the 2006 International Workshop on Mining Software Repositories, MSR 2006, Shanghai, China, May 22-23, 2006",123 124 105,,,14,"ACM 2006, ISBN 1-59593-397-2"
36,JO,1,2005,Workshop Report for MSR 2005: International Workshop on Mining Software Repositories,123 105 126,,SoftwareEngineeringNotes_WorkshopReportforMSR2005_InternationalWorkshopOnMiningSoftwareRepositories.pdf,11,"ACM SIGSOFT Software Engineering Notes, Sept 2005."
37,JO,1,2005,Guest Editor's Introduction: Special Issue on Mining Software Repositories,105 140 126 198,,TSE_GuestEditor'sIntroduction_SpecialIssueOnMiningSoftwareRepositories.pdf,4,"Software Engineering, IEEE Transactions on Volume 31, Issue 6, June 2005 Page(s):426 - 428."
38,JO,1,2005,A Lightweight Approach for Migrating Web Frameworks,105 126,,IST_ALightweightApproachForMigratingWebFrameworks.pdf,6,"Journal of Information and Software Technology, Volume: 47, Issue: 8, June 1, 2005, pp. 521-532."
39,JO,1,2005,Workshop Report for MSR 2004: International Workshop on Mining Software Repositories,105 126 140,,SoftwareEngineeringNotes_WorkshopReportForMSR2004_InternationalWorkshopOnMiningSoftwareRepositories.pdf,11,"ACM SIGSOFT Software Engineering Notes, Jan 2005."
172,CO,2,2005,Source versus Object Code Extraction For Recovering Software Architecture,105 106 126,,WCRE2005_SourceVersusObjectCodeExtractionForRecoveringSoftwareArchitecture.pdf,16,"Proceedings of WCRE 2005: Working Conference on Reverse Engineering, Pittsburgh (Carnegie Mellon), USA, November 8-11, 2005."
173,CO,2,2005,The Top Ten List: Dynamic Fault Prediction,105 126,,ICSM-ICSME2005_TheTopTenList_DynamicFaultPrediction.pdf,13,"Proceedings of ICSM 2005: International Conference on Software Maintenance, Budapest, Hungary, Sept 25-30, 2005."
174,CO,2,2005,Comparison of Clustering Algorithms in the Context of Software Evolution,136 105 126,,ICSM-ICSME2005_ComparisonOfClusteringAlgorithmsInTheContextOfSoftwareEvolution.pdf,13,"Proceedings of ICSM 2005: International Conference on Software Maintenance, Budapest, Hungary, Sept 25-30, 2005."
175,CO,2,2005,Visualizing Historical Data Using Spectrographs,105 136 126,,METRICS2005_VisualizingHistoricalDataUsingSpectrographs.pdf,45,"Proceedings of METRICS 2005: 11th IEEE International Software Metrics Symposium, Como, Italy, Sept 19-22, 2005."
176,CO,2,2005,MSR 2005: The International Workshop on Mining Software Repositories,105 126 123,,ICSE2005_MSR2005_TheInternationalWorkshopOnMiningSoftwareRepositories.pdf,14,"Proceedings of ICSE 2005: International Conference on Software Engineering, Saint Louis, Missouri, USA, May 15-21, 2005."
184,CO,2,2005,MSR 2005: The International Workshop on Mining Software Repositories,105 126 140,,ICSE2005_MSR2005_TheInternationalWorkshopOnMiningSoftwareRepositories.pdf,14,"Proceedings of ICSE 2004: International Conference on Software Engineering, Scotland, UK, May 23-28, 2004."
228,JO,2,2005,Report on MSR 2005: international workshop on mining software repositories,123 105 126,,,14,ACM SIGSOFT Software Engineering Notes 30(5): 1-3 (2005)
229,WO,2,2005,MSR 2005 international workshop on mining software repositories,105 126 123,,,14,ICSE 2005: 690
177,CO,2,2004,The Small World of Software Reverse Engineering,105 126,,WCRE2004_TheSmallWorldOfSoftwareReverseEngineering.pdf,16,"Proceedings of WCRE 2004: Working Conference on Reverse Engineering, Delft University of Technology, the Netherlands, Nov 9-12, 2004."
178,CO,2,2004,Exploring Software Evolution Using Spectrographs,136 105 126,,WCRE2004_ExploringSoftwareEvolutionUsingSpectrographs.pdf,16,"Proceedings of WCRE 2004: Working Conference on Reverse Engineering, Delft University of Technology, the Netherlands, Nov 9-12, 2004."
179,CO,2,2004,Predicting Change Propagation in Software Systems,105 126,,ICSM-ICSME2004_PredictingChangePropagationInSoftwareSystems.pdf,13,"Proceedings of ICSM 2004: International Conference on Software Maintenance, Chicago, Illinois, USA, Sept 11-17, 2004."
180,CO,2,2004,Studying The Evolution of Software Systems Using Evolutionary Code Extractors,105 126,,IWPSE2004_StudyingTheEvolutionOfSoftwareSystemsUsingEvolutionaryCodeExtractors.pdf,46,"Proceedings of IWPSE 2004: International Workshop on Principles of Software Evolution, Kyoto, Japan, Sept 6-7, 2004."
181,CO,2,2004,Evolution Spectrographs: Visualizing Punctuated Change in Software Evolution,136 186 105 126,,IWPSE2004_EvolutionSpectrographs_VisualizingPunctuatedChangeInSoftwareEvolution.pdf,46,"Proceedings of IWPSE 2004: International Workshop on Principles of Software Evolution, Kyoto, Japan, Sept 6-7, 2004."
183,CO,2,2004,Using Development History Sticky Notes to Understand Software Architecture,105 126,,IWPC2004_UsingDevelopmentHistoryStickyNotesToUnderstandSoftwareArchitecture.pdf,23,"Proceedings of IWPC 2004: International Workshop on Program Comprehension, Bari, Italy, Jun 24-26, 2004."
216,TH,2,2004,Mining Software Repositories to Assist Developers and Support Managers,105 226,,2004_MiningSoftwareRepositoriesToAssistDevelopersAndSupportManagers.pdf,48,"PhD Thesis, School of Computer Science, Faculty of Mathematics, University of Waterloo, Ontario, Canada, 2004."
227,JO,2,2004,Report on MSR 2004: International workshop on mining software repositories,105 126 140,,,14,ACM SIGSOFT Software Engineering Notes 30(1): 4 (2005)
230,WO,2,2004,MSR 2004: International Workshop on Mining Software Repositories,105 126 140,,,14,ICSE 2004: 770-771
40,JO,1,2003,A Visual Architectural Approach to Maintaining Web Applications,105 126,,AnnalsOfSoftwareEngineering_AVisualArchitecturalApproachToMaintainingWebApplications.pdf,12,"Annals of Software Engineering - Volume 16 - Special Volume on Software Visualization, 2003."
185,CO,2,2003,Studying The Chaos of Code Development,105 126,,WCRE2003_StudyingTheChaosOfCodeDevelopment.pdf,16,"Proceedings of WCRE 2003: Working Conference on Reverse Engineering, Victoria, British Columbia, Canada, Nov 13-16, 2003."
186,CO,2,2003,Migrating Web Frameworks Using Water Transformations,105 126,,COMPSAC2003_MigratingWebFrameworksUsingWaterTransformations.pdf,35,"Proceedings of COMPSAC 2003: International Computer Software and Application Conference, Dallas, Texas, USA, Nov 3-6, 2003."
187,CO,2,2003,The Chaos of Software Development,105 126,,IWPSE2003_TheChaosOfSoftwareDevelopment.pdf,46,"Proceedings of IWPSE 2003: International Workshop on Principles of Software Evolution, Helsinki, Finland, Sept 1-2, 2003."
196,PP,2,2003,ADG: Annotated Dependency Graphs for Software Understanding,105 126,,VISSOFT2003_ADG_AnnotatedDependencyGraphsForSoftwareUnderstanding.pdf,55,"Proceedings of VISSOFT 2003: 2nd Annual DESIGNFEST On Visualizing Software For Understanding And Analysis (co-located with ICSM'2003), Amsterdam, the Netherlands, Sept 22, 2003."
197,PP,2,2003,Migrating Web Applications,105 126,,AWSA2003_MigratingWebApplications.pdf,56,"Proceedings of ASERC Workshop on Software Architecture, Banff, Alberta, Canada, Feb 18-19, 2003."
188,CO,2,2002,Using Graph Patterns to Extract Scenarios,136 105 126,,IWPC2002_UsingGraphPatternsToExtractScenarios.pdf,23,"Proceedings of IWPC 2002: International Workshop on Program Comprehension, La Sorbonne, Paris, France, Jun 26-29, 2002."
189,CO,2,2002,Architecture Recovery of Web Applications,105 126,,ICSE2002_ArchitectureRecoveryOfWebApplications.pdf,14,"Proceedings of ICSE 2002: International Conference on Software Engineering, Orlando, Florida, May 19-25, 2002."
190,CO,2,2001,Towards a Better Understanding of Web Application,105 126,,WSE2001_TowardsABetterUnderstandingOfWebApplication.pdf,27,"Proceedings of WSE 2001: International Workshop on Web Site Evolution, Florence, Italy, Nov 10, 2001."
198,PP,2,2001,Software Engineering Research in the Bazaar,105 139 126,,ICSE2001_SoftwareEngineeringResearchInTheBazaar.pdf,14,"Proceedings of ICSE 2001: 1st Workshop on Open Source Software Engineering, Toronto, Canada. May, 2001."
217,TH,2,2001,Architecture Recovery of Web Applications,105 226,,2001_ArchitectureRecoveryOfWebApplications.pdf,49,"Master's Thesis, Department of Computer Science, Faculty of Mathematics, University of Waterloo, Ontario, Canada, 2001."
191,CO,2,2000,E/R Schema for the Datrix C/C++/Java Exchange Format,126 105 142 143 144,,"WCRE2000_E-RSchemaForTheDatrixC,C++,JavaExchangeFormat.pdf",16,"Proceedings of Data Exchange Format session - WCRE 2000: Working Conference on Reverse Engineering, Brisbane, Australia, Nov 23-25, 2000."
192,CO,2,2000,A Reference Architecture for Web Servers,105 126,,WCRE2000_AReferenceArchitectureForWebServers.pdf,16,"Proceedings of WCRE 2000: Working Conference on Reverse Engineering, Brisbane, Australia, Nov 23-25, 2000."
199,TD,2,2000,Architecture Recovery of Web Applications,105 126 139 218,,,22,"In CASCON 2000, Missisauage, Ontario, Canada, Nov 13-16, 2000."
200,TD,2,2000,Big Picture of Big Software: Visualizing Software Architectures of Object Oriented Systems,172 173 126 105,,,47,"In ECOOP 2000: 14th European Conference on Object-Oriented Programming, Sophia Antipolis and Cannes, France, Jun 12-16, 2000."